degree,Î»,mae,mse,rmse,time
7,100000,16.370263022889123,289.44007362944507,17.012938418434516,0.011981892000221706
7,100,4.370058216262312,31.08114911296333,5.575047005448773,0.008749963999889587
10,100,4.807987113091094,37.676837308583075,6.138146080746456,0.025981004000186658
2,0.01,7.531757865749704,83.83657197509409,9.156231319440007,0.008317802999954438
7,0.01,21.74600579474371,760.5701810833324,27.578436886149518,0.01474858099982157
7,0.001,37.34568983833435,2378.4628513636267,48.76948688845954,0.007429896999838093
10,0.0001,11.176859694488133,172.17815436079277,13.121667362069227,0.04088856999987911
1,100,8.827787974023735,99.04002087460196,9.951885292476092,0.011489589999655436
7,0.0001,50.579964434217324,4436.822416151273,66.60947692446828,0.013059467999937624
7,1,12.254638614142339,220.5148040740895,14.849740875654684,0.0072530309998910525
6,100000,16.380930138788727,289.7825859305976,17.023001672166913,0.007031362000361696
9,100,4.676540873374645,35.70151108802287,5.975074149165253,0.021679395999854023
1,10,8.076962754092692,85.80747886874036,9.263232636004581,0.005725877000259061
6,10000,4.887636835468842,33.76358804478488,5.810644374317265,0.006891778999943199
6,10,11.556942764484775,203.71160387821598,14.272757402766151,0.006724402000145346
19,1000,8.207418783521307,88.39506682232378,9.401865071480433,0.04523314300013226
2,0.0001,7.5452432002103755,84.13030031274064,9.172257100231144,0.00608000100010031
6,0.01,16.554760924811337,424.36056888801704,20.60001380795695,0.007147194000026502
1,1,7.963301969295631,83.88711013643177,9.158990672362963,0.005611426999621472
6,0.001,26.81938986516344,1175.3218231906242,34.28296695431456,0.007162550999964878
5,100000,16.399098668631705,290.36773042422647,17.040179882390515,0.008355729000413703
14,10,15.454514847122574,373.6408601423148,19.32979203567164,0.03750605400000495
27,0.1,28.160242019060735,1448.1733435407368,38.054872796275866,0.045059699000375986
5,1000,8.622041424649481,95.99700301109623,9.79780603048949,0.006679795000309241
12,100,4.987734817266211,40.48707193801748,6.362945225131007,0.035809601999972074
1,1e-05,7.950100736299014,83.66531126090644,9.146874398443789,0.01194080599998415
5,10,9.995961512422674,152.85311896061745,12.363378137087672,0.006681709000076808
2,0.1,7.411789049109044,81.23493352246433,9.013042412108375,0.012502465000125085
7,10000,4.87321757542144,33.51209483018568,5.788963191296493,0.007518721999986155
1,10000,5.962866667232056,51.65800800051285,7.18735055500376,0.0052900240002600185
5,1,11.680062021205305,199.83731672069302,14.136382731119479,0.0066159029997834296
21,100,5.1741830369124955,43.66375339610342,6.607855430932446,0.03759321000006821
10,100000,16.357496125636978,289.0316199275387,17.000929972432058,0.03032026600021709
8,1,12.432163127680106,227.30379737793146,15.076597672483386,0.03465294999978141
5,0.1,9.258134756719228,126.30439394771447,11.238522765368876,0.005867098000180704
1,1000,8.079648144189871,86.41339645789874,9.295880617666018,0.005290459000207193
5,0.01,12.153167238137023,221.50372550620494,14.883001226439678,0.006509736999760207
2,10,4.087872927593179,25.718884996413383,5.071379003428297,0.011986361999788642
11,0.1,19.87211156407249,649.9083243604895,25.49329959735478,0.0470716300001186
2,100,7.137919782175714,70.37348028360482,8.388890289162495,0.005238022999947134
5,0.0001,29.661412460478367,1438.2124314766825,37.923771324548966,0.00883162700029061
20,0.001,21.98821013757988,1444.063423307925,38.00083450804633,0.04402646900007312
2,0.001,7.544012966650718,84.1035346794993,9.170797930360221,0.0055639830002292
5,1e-05,43.52123092205195,3173.91752117292,56.33753208273255,0.00697244299999511
4,100000,16.430929491051856,291.3969710762828,17.070353572093428,0.006201020999924367
2,1,6.396104874789105,60.85575587608875,7.80100992667544,0.006012017000102787
14,100,5.083416406464444,42.081391115998265,6.4870171200636015,0.035830488999636145
7,10,12.717980149639391,247.14058410509713,15.72070558547221,0.006836913999904937
4,10000,4.965463791614582,35.1112116319999,5.925471426983671,0.010096985000018321
4,1000,8.749359976254437,98.37234417310209,9.918283327930398,0.006314076999842655
4,100,4.729583942211512,34.452013321224,5.869583743437349,0.007512530999974842
4,10,7.983672686752564,97.93095249882856,9.896006896664359,0.006162670999856346
6,1,12.03743148670296,212.48357939199653,14.576816504024345,0.008737159999782307
9,1e-05,42.79191088414037,4905.932211211478,70.04236012022638,0.019236690000070666
4,1,10.936112896740664,175.2970070181026,13.239977606404876,0.006029994000073202
4,0.1,8.939077569004906,117.60695370838236,10.844673978888547,0.005972059000214358
4,0.001,11.20406997230131,186.64549826887975,13.661826315280097,0.012128682999900775
28,10000,4.853983901553523,33.16152051542096,5.758604042250254,0.04735561000006783
6,0.0001,44.775644260937256,3420.6317327784627,58.48616702074485,0.006975809999858029
28,1000,8.204723230859228,88.34580363345071,9.399244843786692,0.058305457000187744
3,100000,16.488769358122855,293.2774807931062,17.125346151044837,0.005835443000250962
7,1000,8.42275354460195,92.3153859041394,9.608089607416211,0.006870147999961773
28,100,5.1824916728112695,43.8153202154053,6.619314180140213,0.06115020800007187
6,1e-05,45.186128713205875,3438.681282905823,58.64027014693762,0.007083747000251606
17,0.0001,206.9837528240956,120076.27170082001,346.5202327438039,0.06824198499998602
11,10,14.953310399677394,347.2400256241788,18.6343775217789,0.03514770099991438
5,10000,4.914302472881235,34.225123790641796,5.850224251312235,0.006177499999921565
22,0.01,52.521283734574155,5236.655336909215,72.36473821488761,0.041899179999745684
1,0.1,7.951424633969767,83.68756680625373,9.148090883143528,0.00565973099992334
20,10,15.686910299209403,386.9012040538142,19.669804372535438,0.0364577579998695
14,0.01,49.63768842138379,4601.358829344332,67.8333165144115,0.048172783000154595
8,0.01,27.259463515832913,1237.463179229954,35.17759484714602,0.0529304689998753
23,0.0001,313.93159356314266,286941.38011656015,535.6690957266063,0.04611625000006825
25,10000,4.853987846680939,33.16162939956816,5.758613496282605,0.06943713200007551
19,100000,16.353229507754676,288.895766243951,16.996934024816095,0.04470295999999507
28,10,15.715667383079262,388.68216355729015,19.71502380311244,0.05506691899972793
23,1e-05,202.5215589859792,107384.08861758902,327.6951153398369,0.03620693100037897
11,10000,4.856428136238213,33.21036698057617,5.762843654011114,0.037657588999991276
3,1000,8.849433073463791,100.24709802032322,10.012347278252149,0.005895151000004262
2,100000,16.599259841375908,296.8990743684138,17.23075954125104,0.011555459999726736
17,1e-05,210.28354908831034,117079.89874528325,342.1694006559956,0.05544302799989964
11,1,12.924333810016163,247.2703724346009,15.724832985904838,0.024612755999896763
1,0.01,7.950233042083107,83.66753558992986,9.146995987204207,0.01140278799994121
14,0.001,37.35214715046742,2228.978972962499,47.212063849851965,0.032213889000104245
25,1000,8.204943397830212,88.34984073909912,9.399459598248143,0.0556649559998732
19,10000,4.854046908558074,33.1630897228254,5.758740289579432,0.04641156800016688
3,1,9.321894188947281,128.31204894211265,11.327490849350205,0.006696549000025698
2,10000,5.306949213402584,40.99826546086507,6.402988791249371,0.0065521689998604415
28,1,13.607605327660405,278.4921793990891,16.6880849530163,0.048168802999953186
22,100000,16.353151220023385,288.8932808660609,16.996860912123182,0.05148059699968144
7,0.1,11.75747594435911,207.5300227177721,14.40590235694287,0.006351773000005778
16,100000,16.353482487271826,288.9038005204523,16.9971703680481,0.035732648000248446
3,100,5.590686997258284,47.022883783020866,6.857323368707419,0.005675939999946422
19,100,5.165213529083758,43.50278276545356,6.595663936667298,0.04503227399982279
14,0.0001,116.24957627242135,37722.84919096602,194.2237091370825,0.03297262599971873
25,100,5.180990910408673,43.78757693155864,6.61721821701224,0.052217373000075895
11,0.01,41.717346064760925,3124.8013485907077,55.89992261703685,0.04527312299978803
28,0.1,28.177044456094812,1450.4443590652024,38.084699802744964,0.04757028199992419
22,10000,4.854000945069076,33.1619710688178,5.758643162136181,0.038390148999951634
20,1,13.559117464428105,276.0201967335273,16.613855564965267,0.04141136899988851
14,1e-05,179.4548951774795,83956.17929028963,289.75192715543693,0.03210049800009074
21,10,15.696072663802921,387.45791000785596,19.68395056912753,0.04126821799991376
10,0.1,17.919570033289773,516.7090360075625,22.731234810444473,0.01170765200004098
16,10000,4.854218664452063,33.166955084173274,5.759075888037358,0.03929864300016561
19,10,15.673781021014744,386.1128822919842,19.649755273081244,0.043441524999707326
28,0.001,40.906513133926445,6241.294836961701,79.00186603468111,0.05678261499997461
25,10,15.712277023224763,388.4643519737325,19.70949902898936,0.03977070900009494
22,1000,8.205575336730016,88.36140617963203,9.400074796491356,0.04387385499967422
13,100000,16.35434412945421,288.93119384574135,16.997976169113233,0.0330494190002355
3,0.0001,8.049952974029113,95.6997714242812,9.782625998385157,0.005979037000088283
11,0.0001,23.09802388830254,1548.934524412553,39.35650549035766,0.013888513999972929
16,1000,8.212886418738734,88.49466623622682,9.407160370495808,0.040001415999995515
6,1000,8.51007180707972,93.92337336355894,9.691407192124316,0.007782548999784922
19,1,13.539257885877513,275.03789104123734,16.58426637030524,0.04521414500004539
5,100,4.377317106272359,29.726805443431477,5.4522294012111665,0.008595539999987523
28,0.0001,341.5883703973216,345638.1856162357,587.9100148970382,0.05925924600023791
25,1,13.601276138102222,278.1585850297057,16.678086971523612,0.03534004700031801
6,100,4.289598085411603,29.397601850014198,5.4219555374434965,0.00690108099979625
22,100,5.176827324485107,43.71160643660877,6.611475360054575,0.05211188800012678
13,10000,4.85492030523611,33.181282466030964,5.760319649640198,0.032059900000149355
11,1e-05,108.34070914604993,30192.93462057668,173.7611424357491,0.033073907000016334
4,0.0001,11.96011883545829,212.9525760325845,14.592894710528974,0.0065863669997270335
3,10000,5.069853049043254,36.92360713303288,6.076479830710613,0.0056292849999408645
16,100,5.1327761480934795,42.931023199001075,6.552176981660453,0.03716404499982673
20,0.1,27.599656436239993,1377.344532551137,37.112592641193054,0.03107846300008532
19,0.1,27.36003936795292,1348.5743649558144,36.722940581546766,0.06004760299992995
8,10,13.568458451049095,282.4399990496061,16.80595129856106,0.03514351100011481
28,1e-05,178.82961745658105,80082.4338497476,282.9883987900345,0.04778118900003392
25,0.1,28.103412186655074,1440.6214331998744,37.955519140170836,0.047159518000171374
22,10,15.702472368513705,387.8510989283212,19.693935587594503,0.048080537999794615
13,1000,8.229378042182464,88.79366356429361,9.423038977118454,0.03664430400021956
10,10000,4.857993435031896,33.23965534638871,5.765384232329074,0.024041230999955587
2,1e-05,7.545366278089036,84.13297757108909,9.172403042337875,0.006214497999735613
16,10,15.589251407526682,381.18915344533264,19.524066006990772,0.04000687500001732
13,100,5.043269914024779,41.40476104936984,6.434653141341019,0.03730419900011839
19,0.01,52.6838545192399,5276.36032878317,72.63855951753979,0.03935885099963343
8,10000,4.865210586029494,33.37032349788674,5.776705245889454,0.030894896000063454
27,100000,16.35311948553682,288.8922732691699,16.996831271421442,0.03777205899996261
16,1,13.428100308966993,269.69583906788796,16.422418794680883,0.048842685999716196
25,0.0001,329.3127277408458,318513.4772374322,564.3699825800733,0.058934481000051164
22,1,13.58418897916998,277.28001831404316,16.65172718711315,0.06275468200010437
5,0.001,17.229315990829843,458.71698860304605,21.417679346816406,0.006433659000322223
10,10,14.633614264023201,331.35428466838727,18.20313941792424,0.017572031000327115
13,10,15.34141106058315,367.48647107282886,19.169936647595602,0.03447519099972851
19,0.001,18.14478515804872,813.6171256544602,28.52397457673913,0.036440635999952065
2,1000,8.779641245651003,98.9470525556907,9.947213306031529,0.00520947699988028
27,10000,4.85398474914076,33.16154437069202,5.758606113521919,0.05271819199970196
23,100,5.17870586801909,43.74576362956749,6.614058030405198,0.03572186600013083
16,0.1,26.01454298721232,1197.0019636149273,34.597716161835415,0.059370231999764655
25,1e-05,192.6191427231702,95608.41931085702,309.20611137371947,0.04946365100022376
22,0.1,27.900685013961372,1414.569873044561,37.61076804645926,0.04613536999977441
16,0.01,51.81945567660125,5076.244271438458,71.24776678211366,0.038059912999869994
10,1,12.768016313367085,240.7411022776974,15.515833921439652,0.03383739700029764
3,1e-05,8.048788452418774,95.67239837979828,9.781226834083661,0.006088069999805157
13,1,13.18546819189862,258.6019975503117,16.081106850907734,0.0357127870001932
19,0.0001,254.53752582930667,184020.73331411727,428.9763785036622,0.036394934999862016
27,1000,8.204773000499477,88.34671684302018,9.399293422540875,0.043969722999918304
22,0.001,29.51548172489911,2968.461860394636,54.48359257973575,0.03301833500017892
4,0.01,9.140189383044946,123.62799480545956,11.11881265268282,0.0062729369997214235
24,100000,16.353131547937576,288.89265632214455,16.996842539782044,0.04245352400039337
8,0.1,13.706737543241237,287.87022913520434,16.96673890690855,0.03421106299992971
16,0.001,20.821240484850684,569.4952873808732,23.864100389096446,0.03365000600024359
13,0.1,23.073704827029058,908.9599634664547,30.148962892054094,0.033638854999935575
19,1e-05,214.5708890754743,122282.37005788986,349.68896187596465,0.052839134000350896
27,100,5.182148425544398,43.80894190212769,6.618832366975893,0.057489313000132825
22,0.0001,303.1271274458277,266099.1346710143,515.8479763176496,0.036626690000048256
24,10000,4.853990600692331,33.161703117114484,5.758619896912323,0.04446070199992391
10,0.001,54.183626749283704,5298.372781344308,72.78992225125884,0.026644697000392625
20,100000,16.353193024982684,288.89460800132537,16.99689995267741,0.0396888069999477
16,0.0001,178.87102091681675,89222.69150315179,298.7016764317733,0.040249785000014526
13,0.01,47.72441675247755,4211.7047158138475,64.89764799909044,0.03128299100035292
3,0.01,8.171027400685597,98.56411129090623,9.92794597542242,0.0067425459997139114
18,100000,16.35328336127138,288.89747614642346,16.99698432506259,0.048858139000003575
27,10,15.714903698979615,388.63261405630686,19.713767119865924,0.04794704600044497
22,1e-05,207.0213877813706,112889.15003303856,335.98980644215766,0.04156595799986462
1,100000,16.82666212490009,304.45301612608733,17.44858206634818,0.006816443999923649
24,1000,8.205085354162312,88.35244097448401,9.399597915575113,0.05445645899999363
18,1000,8.208630469140054,88.41716015559938,9.403039942252684,0.03672926600029314
16,1e-05,203.82538311951183,109565.56307745165,331.00689279447283,0.04526929499979815
13,0.001,44.495879756926094,3374.660250783863,58.09182602383801,0.04395038799975737
10,1e-05,76.37291872261882,15144.60291602419,123.06341014299981,0.04320928900006038
28,0.01,52.05383281690278,5119.229963547041,71.5487942843696,0.054999669999688194
18,10000,4.854081174141874,33.1638877779902,5.758809579938392,0.035804505000214704
7,1e-05,25.882872252263322,991.8500082097258,31.493650283981466,0.007217749000119511
21,100000,16.353168193754794,288.8938197097648,16.996876763386997,0.03808167799979856
24,100,5.180041159967406,43.77015313357733,6.615901535964492,0.05916843099976177
10,1000,8.279053221755936,89.69479069074441,9.470733376605235,0.03683148199979769
21,10000,4.85401037672506,33.16220782762453,5.75866371892165,0.03348672199990688
15,100000,16.353661479115363,288.9094877467366,16.99733766643284,0.026216130999728193
18,100,5.157824869107794,43.37129979452225,6.5856890144101286,0.048900092000167206
13,0.0001,83.42190308279889,19683.813053009635,140.29901301509443,0.04055144999983895
9,100000,16.359934850743144,289.1094709178441,17.003219428033155,0.06476293800005806
18,0.01,52.588297227865226,5253.646418546653,72.482042041782,0.0477229799998895
27,0.01,52.10439004073092,5132.201452798264,71.63938478796607,0.04660039999998844
9,0.0001,32.750877939841885,1669.0280668745984,40.85373993742309,0.012071461000232375
24,10,15.710080439311353,388.3253507464755,19.7059724638617,0.043264880000151607
21,1000,8.205986624859232,88.36892355109887,9.400474644989947,0.033344693000344705
18,10,15.654956066578373,384.99690495031257,19.621338001021044,0.05797019500005263
13,1e-05,160.51597628784404,66732.68937174529,258.3267105270868,0.03552812999987509
9,10000,4.860648793357718,33.288236923747,5.769595906451942,0.0322259889999259
24,1,13.597321540335331,277.95306398008097,16.671924423415582,0.03470107500015729
27,0.001,39.88213190464394,5907.759690741791,76.86195216582644,0.040782166000099096
15,1000,8.216512784190291,88.56064517186431,9.410666563632159,0.03650582899990695
12,100000,16.354977064686494,288.9513366403824,16.998568664460617,0.036641196999880776
24,0.1,28.056837245582702,1434.5353610471866,37.875260540980925,0.07048668600009478
21,1,13.573637523629891,276.7465867706938,16.635702172457098,0.04373265000003812
27,0.0001,338.5581173865755,338749.69113569066,582.0220710039188,0.05440510099970197
17,10000,4.8541346241247085,33.165099979616066,5.758914826563775,0.041265218000262394
15,100,5.112196515227309,42.57448672273184,6.524912775105261,0.036402701000042725
20,10000,4.854024775632337,33.16256070995349,5.758694358094853,0.05620292999992671
18,0.1,27.03417999040471,1310.4307461758506,36.19987218452367,0.036483260999830236
12,10000,4.855489742731703,33.19242641246619,5.761286871217766,0.03059447000032378
9,10,14.187172999057074,310.15564240659637,17.611236254351834,0.05284934899964355
24,0.01,52.32659304927086,5188.338575544126,72.0301226956065,0.08202425200033758
21,0.1,27.774298928570264,1398.7710568428345,37.40014781846236,0.03595819800011668
17,1000,8.210373850860975,88.44892306879512,9.404728761043303,0.04411355399997774
27,1e-05,183.08443584979986,84759.43679231775,291.1347399269241,0.04119941099997959
15,10,15.533804287325212,378.04868977799686,19.443474220879274,0.04839394999999058
12,1000,8.24036969964584,88.99277540015296,9.433598221259636,0.036105445999965013
9,1000,8.311750887449255,90.28902371026466,9.502053657513446,0.01138932100002421
15,1,13.365451097905773,266.76854688562054,16.333050752557543,0.03627688799997486
10,0.01,37.53172786232154,2478.0223718172538,49.77973856718468,0.02958026799979052
18,0.001,15.693158978344215,397.5752953202452,19.939290241135595,0.038504018999901746
9,1,12.602078208083478,234.00365205857227,15.297177911581347,0.014850881999791454
4,1e-05,12.055257841917946,216.39587416931894,14.710400204254096,0.006347088999973494
24,0.001,34.929816146236746,4398.701243809708,66.32270534145684,0.06311839999989388
21,0.01,52.61267090702512,5259.0703864821435,72.51944833272067,0.03664635099994484
26,100000,16.353122158493868,288.89235816800954,16.99683376891148,0.045431264000399096
12,10,15.180657197455348,358.9547869423942,18.946102156971342,0.039887164999981906
9,0.1,15.821382078689153,393.0565494889391,19.82565382248311,0.020293932000186032
11,0.001,53.49115340505487,5149.180515050607,71.75779062269551,0.030262938999840117
15,0.1,25.255906719241274,1117.5539609240539,33.429836387934266,0.03127778899988698
18,0.0001,232.28694490085803,152199.1511144933,390.1270961039406,0.0440360959996724
24,0.0001,322.5473957708595,304332.5177295295,551.6634098157404,0.09806085999980496
15,0.01,50.96182480653119,4885.234198263549,69.89445041105587,0.03687359199966522
12,1,13.06477458574726,253.29509878440314,15.915247367992844,0.034411311999974714
9,0.01,32.63962003362814,1828.0135746646379,42.75527540157633,0.022352519999913056
3,0.001,8.061532758294417,95.97212730859853,9.796536495547727,0.0059762609998870175
26,10000,4.85398599762402,33.16157898541938,5.758609118999082,0.06515583200007313
25,0.001,36.94127684689476,4992.8362602876905,70.6600046722875,0.05188539900018441
21,0.001,26.01216600327371,2190.2340987044117,46.79993695192774,0.04412815900013811
18,1,13.512309507246862,273.7212352008362,16.54452281574891,0.046800211000118
18,1e-05,213.6837516664955,121186.59380938731,348.11864903993194,0.037110789000053046
6,0.1,10.203058369696695,154.3328759729844,12.423078361379856,0.006847313999969629
24,1e-05,197.62763343250828,101502.85619031519,318.59512894944766,0.0579055159996642
15,0.001,29.270546955132225,1238.8631703851963,35.19748812607508,0.024491509000199585
26,1000,8.204843466572397,88.3480091339589,9.399362166336548,0.08247109000012642
12,0.1,21.60169458607472,783.309996103408,27.987675789593677,0.048324513000352454
23,100000,16.353139571368313,288.89291105846354,16.996850033416884,0.049523516000135714
17,100000,16.353363264826335,288.9000135809397,16.997058968566876,0.04676564200008215
25,0.01,52.24051937140068,5166.735309012467,71.88000632312485,0.056053639000310795
20,1000,8.20657512694642,88.3796714626872,9.401046296167635,0.03386010400026862
15,0.0001,148.40631801254167,61275.03945568843,247.53795558598367,0.04172994700002164
26,100,5.181666911548821,43.80003216420691,6.618159273106603,0.0677388429999155
20,100,5.170459204037043,43.5967054524696,6.60278013055634,0.04024245800019344
8,100000,16.3638561676281,289.2348433016456,17.006905753300497,0.014869972000269627
23,10000,4.853994726546345,33.161811370314254,5.758629296135865,0.10033032299998013
21,0.0001,289.8054058556345,241769.9821206258,491.7011105545988,0.0378050060003261
17,100,5.147418869229273,43.187473046800605,6.571717663351082,0.04040792200021315
3,10,5.57252310143615,47.98665665254845,6.927240190187463,0.008256067999809602
12,0.001,50.08069899639335,4436.157866715518,66.6044883376152,0.03630480700030603
8,1000,8.358103475388228,91.13359569462531,9.54639176310219,0.051429644000108965
26,1,13.604114071768791,278.30727827473874,16.682544118770934,0.08723602400004893
15,1e-05,193.73665753978884,98465.63093873046,313.79233728491596,0.032279144000312954
15,10000,4.854354228367983,33.169817459263456,5.7593243926057385,0.03648754999994708
23,1000,8.20528736072525,88.35613865460746,9.399794607043681,0.03787589100011246
17,10,15.627958673535408,383.4184054999856,19.581072634051118,0.046073729999989155
14,100000,16.353932043083322,288.9180880905463,16.997590655458975,0.04530661200033137
12,0.0001,51.45117864584553,7696.21122687107,87.72805267912351,0.023777650000283757
8,100,4.524007588046853,33.409513305227094,5.780096305878224,0.040693487000226014
26,0.1,28.136612232316754,1445.0126963665743,38.013322616769166,0.053385209999760264
21,1e-05,210.7926003728693,117564.78808245058,342.8772201276291,0.0366269240003021
17,1,13.476109535999498,271.97616423669484,16.491699858919784,0.03833786399991368
14,10000,4.854570878119773,33.17427408511194,5.75971128487461,0.036256816999866714
12,1e-05,136.7129359828059,48148.516191774776,219.42770151413148,0.0185517989998516
23,10,15.706947356793702,388.1289189459952,19.70098776574401,0.03682057400010308
26,0.01,52.166343847394884,5147.980978920118,71.74943190660201,0.05333419999988109
8,0.001,46.05916011567815,3725.864156490961,61.039857113946134,0.024523063999822625
23,1,13.591820796549076,277.6696455736874,16.663422384783008,0.04262612899992746
1,0.001,7.950113848249199,83.66553169761698,9.146886448273914,0.01728004400001737
17,0.1,26.59593762487208,1260.6610747888183,35.50578931369951,0.07293799999979456
14,1000,8.221772781345466,88.65593283427951,9.415727950311622,0.033039630000075704
27,1,13.606148253011611,278.4146826781412,16.68576287372385,0.05321726799957105
23,0.1,27.991646439397773,1426.128862919572,37.76412137094642,0.04065222799999901
11,100000,16.3559584005278,288.98259274717793,16.999488014266134,0.03005143100017449
9,0.001,51.76013461069439,4793.892084346435,69.23793818670826,0.010986897000293538
26,0.001,38.5786767650086,5494.578458789039,74.12542383547658,0.061775092000061704
20,0.01,52.67699828335944,5274.710242839805,72.62720043372046,0.033648267999979
8,0.0001,46.57063257582583,3704.655809288684,60.86588378795369,0.04351532800001223
12,0.01,45.11033492936221,3714.4902471792375,60.946618012644784,0.03964439199990011
1,0.0001,7.9501019282996435,83.66533130067768,9.14687549388739,0.011067986999933055
3,0.1,8.856571105800127,115.4531298808037,10.744911813542432,0.009024430999943434
17,0.01,52.32765245329502,5192.667806843279,72.06016796291333,0.09821779399999286
11,1000,8.25623294998114,89.28037732569163,9.448829415630893,0.042501776999870344
23,0.01,52.42214820276652,5212.144411779916,72.19518274635722,0.03807175800011464
14,1,13.28534376230065,263.09291567815944,16.22013920033239,0.03498533799984216
20,0.0001,273.67885360248664,214207.4970132734,462.825557865243,0.03884708099985801
26,10,15.713819263077337,388.5628066406935,19.711996515845204,0.07719079000025886
26,0.0001,334.55158259029633,329847.30422165873,574.3233446601824,0.06297193299997161
8,1e-05,12.30784864245846,373.72030739969296,19.33184697331564,0.03701417699994636
26,1e-05,187.7171467852001,89968.17149046795,299.94694779321884,0.05427910700018401
17,0.001,14.919568521297535,292.9855916706009,17.116821891653863,0.06417322300012529
11,100,4.911366557997272,39.26402814200861,6.266101510669023,0.02200283499996658
23,0.001,32.472669515771095,3717.4576074304564,60.97095708147,0.03930771600016669
14,0.1,24.28559350889178,1021.3343646296022,31.95832230624133,0.035355301999970834
20,1e-05,213.45147426512008,120885.26014705547,347.68557655884354,0.02935147500011226
25,100000,16.353126002820346,288.89248025140114,16.99683736026797,0.03170122699975764
28,100000,16.353117621997495,288.89221406735254,16.996829529866815,0.06600284400019518
29,1e-05,175.01427763423575,75976.86810790011,275.6390177531115,0.06308723800020744
29,0.0001,343.857748793189,350899.8587049412,592.3680095219029,0.05397924499993678
29,0.001,41.69974628935042,6506.281473096831,80.66152411836036,0.05793762000030256
29,0.01,52.01330692471313,5108.756081004418,71.47556282397794,0.05545779600015521
29,0.1,28.188986667339954,1452.0743323603588,38.1060931133114,0.05027832599989779
29,1,13.608648735987412,278.54806051615384,16.68975915093306,0.0651306999998269
29,10,15.716206005144212,388.71737349967736,19.715916755243146,0.0931838169999537
29,100,5.182736551252792,43.819889941074095,6.619659352343903,0.07622384300020713
29,1000,8.204688023960856,88.345157332929,9.399210463274509,0.07586530800017499
29,10000,4.853983323082953,33.161504017777574,5.75860260981582,0.05841864700005317
29,100000,16.353116319487768,288.89217267908515,16.996828312337723,0.04431044600005407
30,0.0001,345.54249827297406,354874.2373872366,595.7132174018271,0.05174034199990274
30,1e-05,171.66192017598706,72438.85346581368,269.14467014193997,0.06628255599980548
30,0.001,42.30791854843106,6714.12603510462,81.93977077771588,0.06750503700004629
30,0.01,51.98127736731842,5100.4179291078935,71.41721031451658,0.06330370400019092
30,0.1,28.197473901374863,1453.2434660226534,38.121430534840286,0.06292333700002928
30,1,13.609395956256927,278.5883434763742,16.69096592400734,0.0744370100001106
30,10,15.716586467789492,388.74242239282506,19.716551990467934,0.06784009900002275
30,1000,8.204663081284682,88.34469927030581,9.399186096163104,0.0649805620000734
30,100,5.182911392692121,43.823166569608716,6.619906839949389,0.07752684899969609
30,10000,4.8539829262549015,33.1614925710196,5.758601615932431,0.05846142099971985
30,100000,16.35311540695693,288.8921436751683,16.996827459122137,0.06829969399996116
31,0.0001,346.78353815730355,357847.30119764444,598.203394505284,0.058956098000180646
31,0.1,28.20350717063048,1454.081837619197,38.132425016240404,0.049761072999899625
31,0.001,42.770561593276774,6875.467104499824,82.91843645715845,0.10548768900025607
31,1,13.609931232942113,278.61738214583704,16.69183579316059,0.07118791199991392
31,100,5.183036329622872,43.82551794500267,6.6200844363952545,0.08873281200021665
31,1000,8.204645384923415,88.3443741721972,9.399168802197202,0.06552957999974751
31,1e-05,168.76736253625768,69435.95444898511,263.50702922120524,0.37807190399962565
31,0.01,51.956248958081176,5093.855611356664,71.37125199516024,0.3193902030002391
31,10,15.716855615101752,388.76026311916837,19.717004415457446,0.37900205200003256
31,100000,16.353114766229822,288.8921233043658,16.996826859869042,0.1625708480000867
31,10000,4.853982652678484,33.16148460422437,5.758600924202368,0.3848141790003865
32,1e-05,166.30553805758444,66919.27525466334,258.6876016639826,0.4124078099998769
32,0.0001,347.69140083453163,360052.5810386146,600.0438159323156,0.4597772389997772
32,0.001,43.12018221667897,6999.654898061142,83.66394024943567,0.44481349699981365
32,0.1,28.207798119560884,1454.6830523759,38.140307449939364,0.42633118599997033
32,0.01,51.93687226678349,5088.739299097001,71.33540004161328,0.4793686979996892
32,10,15.717046296188817,388.7729845735828,19.717327013912985,0.4194632950002415
32,1,13.610314881611686,278.6383199559831,16.69246296853712,0.4422162850000859
32,100,5.183125678691294,43.82720673595289,6.620211985726204,0.34206488000018
32,1000,8.204632812330015,88.34414313762454,9.399156512029393,0.37082953800018004
32,100000,16.353114315414924,288.892108966898,16.996826438100083,0.35387381900000037
32,10000,4.853982463164247,33.16147904325562,5.758600441362087,0.44169743700012987
33,0.0001,348.3513989668047,361676.20738246414,601.3952172926421,0.3187230600001385
33,1e-05,164.23904446875417,64832.398916485625,254.62207075680934,0.36937975099999676
33,1,13.610590041966594,278.65342301814917,16.692915354070095,0.1183077300001969
33,0.001,43.3831137485885,7094.585008698918,84.22935954107047,0.29729099399992265
33,100,5.183189628660153,43.8284206499378,6.620303667501801,0.08134541699973852
33,0.01,51.921986050152306,5084.781514760616,71.30765397038817,0.3598953979999351
33,0.1,28.210852018258564,1455.1143214510541,38.14596074882705,0.3108731530001023
33,1000,8.204623868142198,88.34397874320587,9.399147766856624,0.11181619099988893
33,10,15.717181581834263,388.782066073051,19.717557304926263,0.21981578699978854
33,100000,16.353113997604005,288.8920988558644,16.996826140661213,0.11596243099984349
34,0.001,43.58002092444811,7166.737067094676,84.6565831291027,0.07829228799982957
34,1e-05,162.52414954631604,63117.50708905839,251.23197863540062,0.29842139299989867
34,0.01,51.910623042295235,5081.740074117851,71.286324593977,0.13241005800000494
34,0.0001,348.8284950359705,362863.68567801843,602.3816777409638,0.32898837099992306
33,10000,4.853982331270731,33.161475150881074,5.758600103400224,0.41984019799974703
34,1,13.610787552344425,278.66432338664765,16.693241847725314,0.1329903949999789
34,10,15.717277700459181,388.7885564333535,19.717721887514124,0.25488704100007453
34,0.1,28.213027344676203,1455.4238320771533,38.15001745841217,0.3403736420000314
34,10000,4.8539822390657985,33.16147241930229,5.758599866226364,0.08521943999994619
34,100,5.183235436391259,43.82929393303927,6.62036962208601,0.37581084200019177
34,1000,8.204617497133047,88.34386162609336,9.399141536656066,0.32558394699981363
35,1e-05,161.1152447638068,61719.23835168275,248.4335692930461,0.1704652990001705
35,0.001,43.727010382104005,7221.31738196308,84.9783347798901,0.11953844800018487
35,0.1,28.214578356479624,1455.6460997707277,38.15293042180021,0.05665225899974757
34,100000,16.353113773145957,288.89209171208523,16.996825930510827,0.3306350149996433
35,0.0001,349.17158933521006,363726.99047634745,603.0978282802446,0.32538107400023364
35,1,13.61092945400035,278.6721958172928,16.693477642998563,0.09586544600006164
35,100,5.183268274740882,43.82992267566792,6.62041710737835,0.11619622399985019
35,0.01,51.90199638077276,5079.415902789488,71.27002106629048,0.39227873699974225
35,10,15.717346085173848,388.7932001157653,19.717839641192068,0.3646815809997861
35,1000,8.204612953492665,88.34377809397306,9.399137093051312,0.31172591900030966
35,10000,4.853982174327216,33.161470497580815,5.758599699369701,0.199569825999788
36,1e-05,159.9679133980207,60586.87284956995,246.14400835602305,0.2092675630001395
35,100000,16.353113614345453,288.89208665588137,16.996825781771175,0.40215837899995677
36,0.0001,349.417131620677,364351.1863582855,603.6150978548213,0.33796657099992444
36,0.001,43.83640425293891,7262.442368743608,85.21996461360219,0.348425946000134
36,0.01,51.89547730385869,5077.648370860918,71.25761973895085,0.2431687090002015
36,100,5.183291834079393,43.83037571507689,6.620451322612144,0.1833030709999548
36,0.1,28.215685403262302,1455.8058350430258,38.15502371959721,0.3663149799999701
36,1,13.61103150302735,278.67788572555315,16.693648065223886,0.327187481999772
36,10,15.717394803147142,388.7965261692541,19.717923982236417,0.34280374399986613
36,10000,4.853982128683793,33.16146914241641,5.758599581705296,0.10396185499985222
36,100000,16.35311350181317,288.8920830712571,16.99682567632136,0.1137929679998706
37,1e-05,159.04085995793315,59675.356536349944,244.28539976091477,0.0958446679996996
36,1000,8.204609709302987,88.34371845031518,9.399133920224521,0.23088652600017667
37,0.1,28.21647645618207,1455.9207262929651,38.15652927472525,0.07381479700006821
37,0.0001,349.5920621197114,364800.2022267307,603.9869222315419,0.1705101120001018
37,10,15.717429555204182,388.79891100470195,19.717984455940265,0.06658038299974578
37,1,13.611104967089018,278.6820015576507,16.693771340163096,0.1924241820001953
37,100,5.183308749335595,43.83070240670507,6.620475995478352,0.10432018700021217
37,0.01,51.89057033732789,5076.309731134076,71.2482261613163,0.368141476999881
37,0.001,43.917607890769496,7293.326287121268,85.40097357244395,0.40095763999988776
37,1000,8.20460739033766,88.34367581873184,9.399131652377886,0.18640496299985898
37,10000,4.853982096374697,33.16146818462841,5.758599498543757,0.3814152490003835
37,100000,16.353113421945213,288.89208052591044,16.996825601444243,0.3287972479997734
38,0.001,43.97776504688452,7316.454326608716,85.53627491660316,0.058278382000025886
38,1e-05,158.2969675490603,58945.56920950726,242.78708616709264,0.39165028400020674
38,0.0001,349.7161464785539,365121.6466861099,604.2529658066312,0.3276690120001149
38,0.1,28.217042373630996,1456.0034371320264,38.15761309531856,0.12581733599972722
38,0.01,51.88688935358296,5075.299556589751,71.24113668794,0.1975748710001426
38,10,15.71745437596216,388.8006227482116,19.718027861533507,0.11440521999975317
38,100,5.183320903406946,43.830938167787494,6.6204938009024294,0.12139573800004655
38,1000,8.204605730948776,88.34364531626561,9.399130029756243,0.12956061500017313
38,10000,4.853982073417059,33.16146750624163,5.758599439641694,0.18316092400027628
38,1,13.611157908855056,278.6849813411616,16.693860588286988,0.34599259200012966
39,0.0001,349.80379279102567,365350.6976898017,604.4424684697475,0.13609277599971392
39,1e-05,157.7037267205353,58364.13138784989,241.5866953866663,0.2758754510000472
39,0.01,51.88413614170914,5074.539638958384,71.23580306951263,0.06527820400015116
39,0.001,44.02225542381007,7333.732873645503,85.63721663882767,0.21798875500007853
38,100000,16.35311336517734,288.8920787158245,16.996825548196476,0.33491468699958205
39,0.1,28.217447714402724,1456.063037158923,38.158394058960646,0.10012997899957554
39,1000,8.204604542312058,88.34362347108498,9.399128867670928,0.08748481200018432
39,100,5.183329642901589,43.83110843500458,6.620506659992465,0.23388419899993096
39,10000,4.853982057044833,33.16146702476688,5.7585993978368455,0.05594620200008649
39,1,13.611196101999296,278.68714056686224,16.693925259412847,0.25753310299978693
39,10,15.717472124995014,388.8018526148501,19.718059047858898,0.33355284599974766
39,100000,16.35311332477237,288.89207742678036,16.996825510276334,0.11985290100028578
40,1e-05,157.23323972479525,57902.95413150563,240.63032670780635,0.3683146719999968
40,0.0001,349.86544345898915,365513.17114110186,604.576852965032,0.40716101700036234
40,0.01,51.88208209667877,5073.969547202632,71.23180151591446,0.3706125809999321
40,0.001,44.05510717914198,7346.614999699815,85.71239700124956,0.39555134400006864
40,1,13.611223684664388,278.6887066078128,16.693972163862405,0.4066547160000482
40,0.1,28.217738392466444,1456.1060255341365,38.15895734338317,0.4476791720003348
40,100,5.183335931669234,43.83123149225323,6.620515953628783,0.3847875970000132
40,10,15.717484831945743,388.8027371272442,19.718081476838567,0.4115780289998838
40,1000,8.204603690038143,88.34360781167558,9.399128034646383,0.37210131500023635
40,10000,4.853982045328607,33.16146668237915,5.7585993681084595,0.36367829099981464
41,1e-05,156.86196024159705,57538.667230666855,239.87218936480915,0.3621844089998376
40,100000,16.35311329597594,288.8920765075539,16.996825483235213,0.3856142300001011
41,0.0001,349.9086273210885,365627.8977438189,604.6717272568802,0.36118359700003566
41,0.001,44.07933335747331,7356.202473085577,85.76830692677557,0.3887576359998093
41,0.01,51.88055305481424,5073.542891604375,71.22880661364736,0.3964941670001281
41,0.1,28.21794709549189,1456.1370627083134,38.159364023897375,0.401677626000037
41,1,13.611243625651657,278.68984345068196,16.69400621332944,0.2006523649997689
41,10,15.717493939399695,388.8033738694058,19.71809762298092,0.4358643040000061
41,100,5.183340460151024,43.831320492835545,6.6205226751998625,0.3859964409998611
41,1000,8.20460307836232,88.34359657657369,9.39912743697912,0.3885445439996147
41,10000,4.853982036916827,33.16146643844408,5.75859934692839,0.4061357280002085
41,100000,16.35311327542716,288.892075851204,16.9968254639272,0.39310934100012673
42,1e-05,156.57028513777095,57252.01073845936,239.27392406708123,0.3880438020000838
42,0.0001,349.93874680416627,365708.53803330526,604.7384046290638,0.406828841999868
42,0.001,44.09717925062588,7363.327083997341,85.80983092861412,0.4036297090001426
42,0.01,51.87941701849573,5073.224258334405,71.22656989027624,0.44645626999999877
42,0.1,28.21809712093371,1456.159493305318,38.159657929616166,0.4421036789999562
42,1,13.61125805704977,278.6906694623455,16.694030953078574,0.4670434260001457
42,10,15.71750047407103,388.8038326701062,19.718109256977613,0.38864519799972186
42,100,5.183343723327672,43.83138490681215,6.620527539917959,0.37310991799995463
42,1000,8.204602638963056,88.34358850897479,9.399127007811671,0.38699943000028725
42,10000,4.85398203085884,33.161466264341044,5.758599331811603,0.37563336299990624
42,100000,16.35311326074631,288.89207538197996,16.996825450123914,0.3893447870000273
43,0.001,44.11031179325462,7368.614533227883,85.84063451086486,0.09315336100007698
43,1e-05,156.34208090192024,57027.24124394482,238.80377141901428,0.4015395100000205
43,0.0001,349.95966125612995,365764.9520576516,604.7850461590891,0.381643479000104
43,0.01,51.87857439134193,5072.986740867347,71.22490253322462,0.3747216599999774
43,0.1,28.218205093147784,1456.1757197602738,38.15987054171271,0.3841899590001958
43,1000,8.204602323042598,88.34358271119453,9.399126699390456,0.13996539399977337
43,1,13.61126851171102,278.6912701558714,16.694048944335567,0.4057814419998067
43,10,15.717505167649657,388.8041635514246,19.718117647266045,0.379316421999647
43,100,5.183346076330166,43.83143155782475,6.62053106312664,0.3878856989999804
43,10000,4.8539820264833144,33.161466139866164,5.758599321003864,0.3680318779997833
43,100000,16.353113250245823,288.8920750461395,16.996825440244407,0.38486904100000174
44,1e-05,156.16419923983747,56851.58162222135,238.4356970384706,0.3872802189998765
44,0.0001,349.9741161938262,365804.22329486645,604.817512391024,0.36925546900010886
44,0.001,44.119967729281505,7372.534064449158,85.86346175439911,0.41306013699977484
44,0.01,51.87795030820735,5072.809979631511,71.22366165560088,0.4360014109997792
44,0.1,28.218282889315343,1456.1874693793566,38.160024493956456,0.47465276200000517
44,1,13.611276092905017,278.6917073665351,16.694062039136405,0.4169473789997937
44,10,15.717508542236857,388.80440238476984,19.718123703455404,0.43635196599962
44,10000,4.853982023314376,33.161466050727064,5.758599313264213,0.30018950199973915
44,100,5.183347774147487,43.8314653664737,6.620533616444652,0.40620436100016377
44,1000,8.204602095709783,88.34357854139715,9.399126477572112,0.4106043580000005
45,1e-05,156.0260148276434,56714.72787767204,238.14854162407136,0.09654642699979377
45,0.0001,349.9840568258074,365831.4176925889,604.8399934632207,0.11242244000004575
45,0.1,28.21833900568214,1456.1959853019687,38.16013607551693,0.0789967640002942
45,1,13.61128159559616,278.6920258500566,16.69407157796014,0.05496739099999104
44,100000,16.353113242727186,288.8920748054979,16.99682543316539,0.4037149480000153
45,0.01,51.87748867742736,5072.678623528947,71.22273951154187,0.2845299549999254
45,0.001,44.12706230566361,7375.436676438206,85.8803625774729,0.3394031479997466
45,1000,8.204601931991041,88.34357554023181,9.399126317920821,0.08352925899998809
45,10,15.717510970840065,388.8045749205531,19.718128078510727,0.23668837300010637
45,100000,16.353113237338064,288.89207463288517,16.996825428087597,0.08090022399983354
45,100,5.183349000002911,43.831489883764014,6.620535468054228,0.3068764980002925
46,1e-05,155.91900381027338,56608.417715627904,237.9252355586265,0.11057036600004722
45,10000,4.8539820210134454,33.16146598679239,5.758599307712978,0.229350919999888
46,0.001,44.132271743968275,7377.584340892504,85.89286548306852,0.13260271999979523
46,0.0001,349.99085594845417,365850.1426243428,604.8554725092126,0.2489101920000394
46,1,13.611285593249892,278.69225803146486,16.694078531966504,0.0816985029996431
46,0.1,28.218379527502808,1456.2021631175076,38.160217021362804,0.3104856599998129
46,100,5.183349885649101,43.83150767422666,6.6205368116359455,0.14180967499987673
46,0.01,51.87714759092055,5072.581133459723,71.22205510556209,0.3786281319999034
46,10,15.71751272026441,388.80469966231,19.718131241634183,0.2615068869999959
46,100000,16.353113233471483,288.89207450894304,16.99682542444156,0.08840870400035783
46,10000,4.853982019338801,33.16146594086648,5.758599303725384,0.12728366600003937
47,1e-05,155.83637218433677,56526.06037120406,237.75209856319682,0.13869571500026723
47,0.001,44.13609495542138,7379.172210855832,85.90210830274093,0.0710728819999531
46,1000,8.204601813993389,88.34357337864016,9.399126202931853,0.24141948699980276
47,0.0001,349.99547854946195,365862.95582057716,604.8660643651428,0.21172525200017844
47,0.01,51.8768958144837,5072.5088591384665,71.22154771653356,0.150762897000277
47,1,13.611288500009532,278.69242742490496,16.694083605424556,0.20353186500005904
47,100,5.183350525895285,43.83152059130847,6.620537787167177,0.06879568299973471
47,10000,4.853982018117287,33.16146590782919,5.758599300856866,0.0650477989997853
47,0.1,28.21840881881892,1456.2066487092407,38.16027579445988,0.3794973949998166
47,100000,16.353113230694657,288.8920744198608,16.996825421821008,0.08610175099966
47,10,15.717513981570479,388.80478991917954,19.718133530311118,0.3984743080000044
47,1000,8.204601728884576,88.34357182068902,9.399126120054408,0.35955774900003235
48,1e-05,155.77273571298232,56462.423463143365,237.61823049409185,0.24175186200000098
48,0.0001,349.9986003316784,365871.66307911184,604.8732619971822,0.42664096599992263
48,0.001,44.13889958319135,7380.345425121833,85.9089368175502,0.3888033399998676
48,0.01,51.87671011791276,5072.45533110037,71.22117193012461,0.39493520899986834
48,0.1,28.21843001316759,1456.2099083558417,38.16031850438151,0.38294629399979385
48,1,13.611290615287096,278.6925510986812,16.694087309544095,0.41831997400004184
48,10,15.717514891728309,388.80485527310725,19.718135187514747,0.39562141399983375
48,100,5.18335098901431,43.83152997549017,6.6205384958846185,0.3829907290000847
48,1000,8.204601667453236,88.3435706970708,9.399126060281924,0.4609655419999399
49,1e-05,155.7238487436049,56413.37106987159,237.51499125291352,0.24036767400002645
48,10000,4.8539820172244745,33.16146588403065,5.758599298790518,0.40699129599988737
48,100000,16.35311322869864,288.89207435577373,16.99682541993574,0.3868680579998909
49,0.0001,350.0006924624335,365877.5337214104,604.8781147647933,0.39752025200004937
49,0.001,44.140956251767385,7381.211771459056,85.91397890599094,0.3604252390000511
49,0.01,51.87657325692919,5072.415721094357,71.22089385211588,0.3514090529997702
49,0.1,28.21844536328134,1456.212279021228,38.160349566287096,0.42754468000021006
49,1,13.611292155782625,278.69264145397614,16.69409001575037,0.418307471999924
49,10,15.717515549035676,388.80490262896365,19.718136388334564,0.44165625499999805
49,100,5.1833513242037945,43.83153679692612,6.620539011056889,0.438260055000228
49,1000,8.204601623081322,88.34356988618951,9.39912601714593,0.40440127100009704
49,10000,4.853982016570681,33.16146586686456,5.758599297300044,0.3850815870000588
49,100000,16.35311322726263,288.89207430962676,16.996825418578222,0.39400344000023324
50,1e-05,155.68637884736492,56375.647191133285,237.43556429299568,0.376534472000003
50,0.0001,350.0020821133088,365881.45597835415,604.8813569439499,0.37787600399997245
50,0.001,44.1424639871025,7381.8511993238335,85.91770015150448,0.41631606100008867
50,0.01,51.8764724501566,5072.386432126681,71.22068823120625,0.42342331700001523
50,0.1,28.218456490695708,1456.2140044709988,38.16037217416778,0.4251844959999289
50,1,13.611293278494124,278.69270750912153,16.694091994149353,0.40026094099994225
50,10,15.717516024110132,388.80493696692025,19.718137259054675,0.4179400180000812
50,100,5.183351566939446,43.831541758223345,6.620539385746704,0.3193682239998452
50,1000,8.204601591009892,88.34356930064637,9.399125985997122,0.39024299799984874
51,1e-05,155.657721251672,56346.698274099304,237.3745948371462,0.12024531299994123
50,10000,4.853982016091085,33.161465854466805,5.758599296223588,0.38746238399971844
51,0.001,44.143569041989664,7382.32294432933,85.92044543837822,0.10453252200022689
51,0.1,28.218464563888563,1456.21526121772,38.16038864081077,0.061790466000275046
50,100000,16.35311322622864,288.8920742763691,16.996825417599872,0.38860862100000304
51,0.0001,350.0029954718436,365884.04849481443,604.8834999359914,0.3133905039999263
51,10,15.717516367732534,388.80496188197304,19.71813789083475,0.2219356170003266
51,0.01,51.8763982379918,5072.364788883895,71.22053628612954,0.414567039999838
51,1000,8.204601567814036,88.3435688775747,9.399125963491217,0.09103114699973958
51,1,13.61129409727901,278.6927558282041,16.694093441340385,0.393243082999561
51,100,5.183351742819155,43.831545368559766,6.620539658408502,0.34128963400007706
51,100000,16.35311322548353,288.8920742523807,16.9968254168942,0.1986843869999575
52,0.0001,350.0035881417752,365885.73997007357,604.8848981170497,0.1441469890000917
51,10000,4.853982015738712,33.16146584550196,5.7585992954452,0.35857696699986263
52,1e-05,155.63584709680254,56324.52840112945,237.3278921684711,0.3453019769999628
52,0.1,28.21847042589547,1456.2161772054242,38.16040064262198,0.12852287300029275
52,0.01,51.87634362843522,5072.3488044368,71.22042406807755,0.21249184799989962
52,0.001,44.14437881824557,7382.670854149986,85.92247001890708,0.3135678519997782
52,10,15.717516616454098,388.8049799713634,19.718138349534,0.12630048699975305
52,1000,8.204601551026995,88.34356857172179,9.399125947220933,0.08006585300017832
52,1,13.611294694790857,278.6927911931083,16.694094500544445,0.30984022800021194
52,100,5.183351870325104,43.83154799716915,6.620539856927768,0.3175913450004373
52,100000,16.353113224946167,288.8920742350642,16.996825416384794,0.2760696300001655
52,10000,4.853982015479433,33.161465839011946,5.758599294881694,0.3427854940000543
53,0.0001,350.0039666255302,365886.8258878701,604.8857957398819,0.12899583800026448
53,1e-05,155.6191820867256,56307.58288180956,237.29218883437684,0.2759590850000677
53,0.001,44.144972139684995,7382.927358279365,85.92396265465976,0.18354200500016304
53,1,13.611295131085912,278.6928170902166,16.694095276181233,0.13219086599974617
53,10,15.71751679660871,388.8049931130194,19.718138682771745,0.13285431499980405
53,0.1,28.21847468554488,1456.216845254533,38.16040939579308,0.33397844399996757
53,0.01,51.8763034576088,5072.337004798131,71.22034122916101,0.4061621009996088
53,1000,8.204601538870733,88.34356835049084,9.399125935452235,0.10397466499989605
54,1e-05,155.60650794055232,56294.6541621668,237.2649450765258,0.09599658400020417
54,0.0001,350.0042033949263,365887.508703647,604.8863601567215,0.09004357200001323
53,100,5.183351962810132,43.83154991196985,6.620540001538383,0.3599022030002743
53,10000,4.8539820152884,33.161465834308295,5.758599294473292,0.3036330420000013
53,100000,16.353113224558346,288.89207422255424,16.996825416016787,0.35305416100027287
54,1,13.611295449834444,278.6928360631975,16.694095844435466,0.06114554399982808
54,0.001,44.14540682974954,7383.1164243064995,85.92506284144632,0.22751470999992307
54,0.01,51.8762739166927,5072.328297866874,71.22028010241797,0.39047735099984493
54,10,15.717516927185423,388.8050026658088,19.71813892500529,0.25150206599982994
54,100,5.18335202992714,43.83155130748198,6.620540106931004,0.2765785799997502
54,0.1,28.218477782996004,1456.217332765598,38.16041578344762,0.46193293099986477
54,1000,8.20460153006268,88.34356819038545,9.399125926935199,0.22218410499999663
54,10000,4.853982015147478,33.1614658308957,5.758599294176988,0.15887431999999535
54,100000,16.353113224278253,288.89207421351006,16.99682541575073,0.19349079700032235
55,1e-05,155.59688480165133,56284.807067729496,237.24419290623214,0.1832208939999873
55,0.0001,350.00434745197634,365887.92621733615,604.8867052740836,0.11549684600004184
55,0.001,44.14572528677506,7383.255754055334,85.92587360076902,0.13819995599988033
55,0.1,28.21848003684779,1456.2176887272988,38.16042044746492,0.07842033299994
55,1,13.611295682825011,278.69284996952797,16.69409626093991,0.13007371999992756
55,0.01,51.87625219758426,5072.321875147053,71.22023501187743,0.18949489000033282
55,10,15.717517021886948,388.8050096136638,19.71813910118457,0.155724796999948
55,1000,8.204601523677034,88.34356807445856,9.3991259207683,0.10975284500000271
55,100,5.1833520786584675,43.831552325018365,6.620540183777934,0.19352537499980826
55,100000,16.35311322407582,288.8920742069667,16.996825415558245,0.07075548199964032
55,10000,4.853982015043406,33.16146582841724,5.758599293961791,0.2051089250003315
56,0.0001,350.0044316913115,365888.1715411813,604.8869080590034,0.37239515900000697
56,1e-05,155.58958974946307,56277.319395119965,237.2284118631661,0.40860962400029166
56,0.001,44.14595859006599,7383.358414867151,85.92647097878017,0.40442624899969815
56,0.01,51.876236232095906,5072.317138684462,71.22020175964445,0.4718563860001268
56,0.1,28.218481677847798,1456.217948769477,38.160423854688474,0.39573629500000607
56,1,13.611295853208679,278.6928601663127,16.69409656634083,0.4354185930001222
56,10,15.717517090611757,388.8050146696421,19.718139229390843,0.42552311200006443
56,100,5.183352114057557,43.83155306729521,6.620540239836566,0.5019497019998198
56,1000,8.20460151904506,88.34356799047903,9.39912591630089,0.42869283900017763
56,10000,4.853982014966469,33.16146582661547,5.758599293805349,0.4068619300001046
56,100000,16.353113223929416,288.8920742022295,16.99682541541889,0.4402539110001271
57,1e-05,155.5840674654474,56271.63453055267,237.21642972305412,0.46726128499994957
57,0.01,51.87622449705909,5072.313646444146,71.22017724243703,0.39741858800016416
57,0.0001,350.0044779924164,365888.3070184784,604.8870200446348,0.4681180740003583
57,0.001,44.14612951394212,7383.434048081449,85.92691108192734,0.45916359100010595
57,0.1,28.218482873339635,1456.218138830665,38.16042634498028,0.44355170199969507
57,10,15.71751714051442,388.80501835078974,19.718139322735038,0.39977639199969417
57,1,13.611295977861287,278.69286764580556,16.69409679035693,0.41449463200024184
57,100,5.183352139783953,43.83155360901626,6.620540280748714,0.4161051250002856
57,1000,8.204601515683374,88.34356792961424,9.399125913063099,0.4496666350000851
57,100000,16.35311322382347,288.89207419879756,16.996825415317932,0.41843657000026724
57,10000,4.853982014909542,33.161465825304376,5.758599293691511,0.4700646810001672
58,1e-05,155.57989292768588,56267.324715274124,237.20734540750234,0.4550717260003694
58,0.0001,350.0045007834846,365888.3740132292,604.8870754225363,0.36524609399975816
58,0.01,51.87621587230111,5072.311072025641,71.22015916877497,0.3599081780002962
58,0.001,44.146254745906624,7383.489764857218,85.92723529159551,0.42624524600023506
58,0.1,28.218483744710785,1456.218277802954,38.16042816587563,0.4268105170003764
58,1,13.611296069090583,278.69287313388674,16.694096954728842,0.37803736600017146
58,10,15.717517176769425,388.8050210322472,19.718139390729725,0.46574415999975827
58,100,5.183352158489181,43.8315540045407,6.620540310619723,0.46532469600015247
58,1000,8.204601513242364,88.34356788548207,9.399125910715425,0.46389677199977086
58,10000,4.853982014867385,33.1614658243495,5.758599293608603,0.4737498350000351
58,100000,16.35311322374675,288.8920741963096,16.996825415244743,0.3648835020003389
59,1e-05,155.5767414163779,56264.06194048458,237.20046783361238,0.41139527099994666
59,0.01,51.87620953365561,5072.309174419281,71.22014584665831,0.06355381899993517
59,0.0001,350.0045094507286,365888.3996166232,604.887096586316,0.4348078429998168
59,0.001,44.146346508713805,7383.530807863625,85.92747411546335,0.4089619669998683
59,0.1,28.218484380146055,1456.2183794596556,38.160429497840504,0.4081750670002293
59,1,13.611296135886011,278.6928771621226,16.69409707537735,0.42270798900017326
59,10,15.717517203123416,388.8050229864278,19.718139440282588,0.4449489540002105
59,100,5.183352172095456,43.83155429344441,6.620540332438464,0.42466075299989825
59,10000,4.8539820148361414,33.16146582365346,5.758599293548168,0.397729580000032
59,1000,8.204601511469006,88.34356785346843,9.399125909012414,0.4423798509997141
59,100000,16.353113223691164,288.8920741945048,16.99682541519165,0.3859743069997421
60,1e-05,155.57436515417203,56261.59507826731,237.1952678243546,0.3838107679998757
60,0.0001,350.0045100357217,365888.4013338719,604.8870980057947,0.37209716000006665
60,0.001,44.146413754803945,7383.561040717768,85.92765003604933,0.37059444299984534
60,0.01,51.87620487478045,5072.307775743719,71.22013602727615,0.38300707799999145
60,0.1,28.218484843730586,1456.2184538470528,38.16043047250716,0.44197385600000416
60,1,13.611296184802315,278.69288011944616,16.69409716395128,0.4724108119999073
60,10,15.717517222289993,388.8050244112263,19.71813947641172,0.47612810600003286
60,100,5.18335218199698,43.831554504554674,6.620540348382047,0.44599191299994345
60,1000,8.204601510180073,88.3435678302358,9.39912590777652,0.39285893099986424
60,10000,4.853982014812973,33.161465823145676,5.758599293504079,0.4033409810003832
61,1e-05,155.57257556735826,56259.73233072965,237.19134117992093,0.34196173000009367
61,0.0001,350.00450630232024,365888.3902154415,604.8870888152941,0.22479049100002158
60,100000,16.353113223650862,288.8920741931949,16.996825415153115,0.410757225999987
61,0.01,51.87620145074473,5072.306744905304,71.22012879028867,0.20343763200025933
61,0.1,28.218485182088855,1456.2185082990586,38.16043118596878,0.2258554740001273
61,0.001,44.14646304174093,7383.583311113087,85.92777962401384,0.35838727000009385
61,1,13.611296220637875,278.69288229117444,16.694097228996075,0.3589685520000785
61,100,5.183352189205515,43.8315546588799,6.620540360037079,0.17248655699995652
61,10,15.717517236236,388.8050254504937,19.7181395027648,0.3056122820003111
61,1000,8.204601509242798,88.3435678133687,9.39912590687925,0.20908510699973704
61,100000,16.35311322362163,288.8920741922436,16.996825415125134,0.1520170839999082
62,1e-05,155.57122916405723,56258.32735281392,237.1883794641169,0.09835031100010383
62,0.001,44.14649917148307,7383.599716577205,85.92787508473141,0.09544777400014937
62,0.01,51.87619893387481,5072.305985130295,71.22012345629777,0.1144370209999579
61,10000,4.853982014795781,33.16146582277494,5.75859929347189,0.35472799100034536
62,0.1,28.218485429139236,1456.2185481697143,38.160431708377125,0.11493003499981569
62,1,13.611296246897618,278.69288388633703,16.69409727677232,0.1136935539998376
62,0.0001,350.00450057506043,365888.3731075117,604.8870746738697,0.37082162800015794
62,1000,8.204601508560932,88.34356780111817,9.399125906227566,0.1179534939997211
62,100,5.18335219445563,43.83155477173741,6.6205403685603645,0.20268895799972597
62,10,15.717517246388205,388.8050262088644,19.71813952199508,0.27230801899986545
62,10000,4.853982014783015,33.16146582250405,5.758599293448368,0.11931040399986159
62,100000,16.353113223600413,288.8920741915524,16.996825415104798,0.11069754300024215
63,1e-05,155.570217414843,56257.26892451398,237.18614825599317,0.1165610809998725
63,0.0001,350.0044942483034,365888.35410814715,604.887058968984,0.10758571599990319
63,0.001,44.14652566139922,7383.611802433543,85.92794541028863,0.08849295899972276
63,1,13.611296266144691,278.6928850582244,16.694097311871175,0.08089716999984375
63,10,15.717517253781935,388.8050267624783,19.71813953603327,0.07755495299988979
63,0.01,51.87619708359659,5072.30542511848,71.2201195247416,0.14235616800033313
63,0.1,28.218485609579247,1456.2185773712822,38.16043209099292,0.18071112799998446
63,1000,8.204601508064659,88.34356779221721,9.399125905754067,0.11669493599993075
63,100,5.183352198280905,43.83155485430031,6.620540374795724,0.1450254070000483
63,10000,4.853982014773534,33.16146582230599,5.758599293431172,0.2915204169999015
63,100000,16.353113223585005,288.89207419104974,16.99682541509001,0.37086753700032205
64,1e-05,155.56945783263993,56256.47238691854,237.184469109844,0.35642805299994507
64,0.0001,350.0044880751148,365888.33550981776,604.8870435955938,0.4041793280002821
64,0.001,44.1465450871232,7383.62070667752,85.92799722254394,0.36663908899981834
64,0.01,51.87619572309249,5072.305012302968,71.22011662657516,0.37777483499985465
64,0.1,28.21848574140519,1456.2185987636312,38.16043237128782,0.3982680839999375
64,1,13.611296280254983,278.692885919301,16.694097337661027,0.3942554420000306
64,10,15.717517259168895,388.8050271667674,19.718139546284974,0.4165261850002935
64,100,5.183352201069106,43.83155491472236,6.620540379358951,0.41505917499989664
64,1000,8.204601507703314,88.34356778574755,9.399125905409905,0.4173391429999356
64,10000,4.853982014766488,33.16146582216107,5.758599293418588,0.41571787400016547
64,100000,16.35311322357381,288.8920741906841,16.996825415079257,0.38897638899970843
65,0.0001,350.0044824521166,365888.3185107678,604.8870295441685,0.17478279299984933
65,0.01,51.87619472266757,5072.304707985783,71.22011449011988,0.08387062499969034
65,0.001,44.146559336149004,7383.627267755302,85.92803540030053,0.24800156199989942
65,1e-05,155.56888812793582,56255.873564012756,237.18320674957735,0.38355512099997213
65,1,13.611296290600345,278.69288655205327,16.694097356612403,0.10921703699978025
65,10,15.717517263095425,388.8050274621182,19.71813955377429,0.2247911029999159
65,0.1,28.21848583773566,1456.2186144377636,38.16043257665934,0.39388040899984844
65,1000,8.204601507440103,88.3435677810434,9.39912590515966,0.24015341499989518
65,10000,4.853982014761249,33.161465822054964,5.758599293409376,0.1221163259997411
65,100,5.183352203102163,43.8315549589565,6.620540382699625,0.3434670799997548
66,1e-05,155.56846119880956,56255.423804896775,237.1822586217122,0.25005231100021774
65,100000,16.353113223565675,288.8920741904181,16.99682541507143,0.3666476660000626
66,0.0001,350.0044775507342,365888.30363289954,604.8870172461131,0.331373812000038
66,0.001,44.146569790039315,7383.632102672068,85.9280635338192,0.3918278989999635
66,0.01,51.87619398682206,5072.304483609073,71.22011291488573,0.28728602399996817
66,100,5.183352204585135,43.831554991350636,6.620540385146112,0.08734497800014651
66,0.1,28.218485908167672,1456.2186259261498,38.16043272718681,0.3489900959998522
66,10,15.717517265958517,388.8050276779573,19.7181395592474,0.2793683519998922
66,1,13.611296298187296,278.69288701710724,16.694097370541098,0.3748694629998681
66,1000,8.204601507248299,88.34356777762174,9.399125904977641,0.17969370399987383
67,1e-05,155.56814157272257,56255.08633229763,237.18154720023568,0.12193016699984582
67,0.001,44.1465774617741,7383.635666163044,85.92808426913197,0.11652804100003777
66,10000,4.853982014757353,33.16146582197723,5.758599293402627,0.38541990100020485
66,100000,16.35311322355976,288.8920741902243,16.99682541506573,0.3400455119999606
67,0.0001,350.00447339501864,365888.2909824242,604.8870067892219,0.3498220669998773
67,10,15.717517268047024,388.8050278357446,19.71813956324847,0.13016537900011826
67,0.01,51.876193445574245,5072.304318166641,71.22011175339898,0.35552495000001727
67,1,13.611296303751365,278.6928873589182,16.69409738077858,0.3122855060000802
67,100,5.183352205667245,43.83155501508175,6.620540386938346,0.10967266699981337
67,0.1,28.218485959659713,1456.2186343466701,38.16043283751732,0.3872894050000468
67,1000,8.204601507108473,88.34356777513209,9.3991259048452,0.16497003800031962
68,1e-05,155.56790244546448,56254.833329052424,237.18101384607584,0.09149107299981551
68,0.0001,350.00446995754425,365888.28047000937,604.8869980996528,0.08855085400000462
68,0.001,44.14658309273532,7383.638292864201,85.92809955343014,0.12862064999990253
67,10000,4.853982014754456,33.161465821920245,5.758599293397679,0.32462201400039703
68,0.01,51.87619304721829,5072.304196135312,71.2201108966794,0.17785100300034173
67,100000,16.353113223555454,288.8920741900832,16.99682541506158,0.42192326100030186
68,1,13.611296307832255,278.6928876101608,16.694097388303472,0.10894679600005475
68,1000,8.204601507006503,88.34356777331996,9.3991259047488,0.09712217399965084
68,0.1,28.218485997307372,1456.2186405189536,38.160432918390136,0.3858869099999538
68,10,15.717517269570997,388.8050279511282,19.718139566174294,0.335552959999859
68,10000,4.853982014752299,33.161465821878444,5.75859929339405,0.2112477300001956
68,100000,16.35311322355232,288.8920741899803,16.996825415058552,0.13704856699996526
68,100,5.183352206457126,43.83155503247207,6.620540388251707,0.3962778170002821
69,1e-05,155.56772367876462,56254.64380262681,237.18061430611652,0.13232421900011104
69,0.0001,350.0044671505862,365888.27186525945,604.8869909869607,0.15386338700000124
69,1,13.611296310826507,278.69288779487607,16.694097393835825,0.12036957300006179
69,0.1,28.218486024843298,1456.2186450442885,38.16043297768368,0.19313147000002573
69,0.001,44.146587227242684,7383.64022938631,85.92811082169973,0.2592918370000916
69,0.01,51.8761927541033,5072.304106128838,71.22011026478994,0.3918701059997147
69,100,5.18335220703389,43.83155504521975,6.620540389214445,0.1878063080002903
69,10,15.717517270683425,388.8050280355293,19.718139568314484,0.2494770809998954
69,10000,4.853982014750694,33.16146582184778,5.758599293391387,0.13076655099985146
69,1000,8.204601506932114,88.34356777200058,9.399125904678614,0.3071394399999008
69,100000,16.35311322355004,288.89207418990526,16.996825415056342,0.15561538700012534
70,0.01,51.87619253827537,5072.304039713939,71.22010979852487,0.08380905600006372
70,0.0001,350.0044648902934,365888.26491594716,604.8869852426544,0.22072590599964315
70,0.1,28.218486044990776,1456.2186483627677,38.160433021164316,0.15172888100005366
70,0.001,44.14659026370338,7383.641657357545,85.92811913080342,0.29437432099985017
70,1e-05,155.56759021331098,56254.50198341768,237.1803153371242,0.4204857479999191
70,10,15.717517271495712,388.8050280972855,19.71813956988046,0.1932779149997259
70,100,5.183352207455175,43.83155505456703,6.620540389920375,0.25612427199985177
70,10000,4.853982014749499,33.16146582182525,5.758599293389431,0.11812622200022815
70,1,13.611296313023063,278.69288793066585,16.694097397902823,0.49676949300010165
70,1000,8.204601506877824,88.34356777103963,9.399125904627494,0.37678458599975784
70,100000,16.353113223548377,288.8920741898505,16.996825415054733,0.29104334900011963
71,0.0001,350.00446309470294,365888.25937014713,604.8869806584922,0.1958240230001138
71,0.001,44.14659249445806,7383.642710514273,85.92812525892947,0.2114579029998822
71,0.01,51.8761923793042,5072.303990697354,71.22010945440448,0.11206296199998178
71,1,13.611296314634851,278.6928880305042,16.694097400893053,0.09496418800017636
71,1e-05,155.56749054424992,56254.39589407994,237.1800916900066,0.42338539999991553
71,0.1,28.218486059728377,1456.2186507959568,38.16043305304536,0.1688380949999555
71,10,15.717517272089019,388.80502814248473,19.71813957102659,0.10803837000003114
71,100,5.183352207762994,43.83155506142296,6.620540390438152,0.15625942299993767
71,1000,8.204601506838191,88.34356777033953,9.399125904590253,0.17125885700033905
71,10000,4.853982014748609,33.16146582180871,5.758599293387995,0.2748417329999029
71,100000,16.35311322354716,288.8920741898106,16.99682541505356,0.27662879299987253
72,1e-05,155.56741621206422,56254.3166186756,237.179924569251,0.3348483979998491
72,0.01,51.87619226221419,5072.303954517775,71.22010920040614,0.2214045470000201
72,0.0001,350.0044616738061,365888.25497314153,604.8869770239243,0.4715968780001276
72,0.001,44.1465941339934,7383.643487494685,85.92812978003586,0.4202033520000441
72,0.1,28.2184860705123,1456.2186525803427,38.16043307642541,0.41924470399999336
72,1,13.611296315817418,278.6928881039033,16.69409740309141,0.39317250700014483
72,10,15.717517272522517,388.80502817557493,19.71813957186567,0.41360436399963874
72,100,5.183352207987978,43.831555066452985,6.620540390818032,0.418083137999929
72,1000,8.204601506809247,88.34356776982933,9.399125904563112,0.42732343299985587
72,10000,4.853982014747946,33.16146582179655,5.758599293386938,0.4608212839998487
72,100000,16.35311322354628,288.8920741897814,16.9968254150527,0.454856478000238
73,1e-05,155.567360770496,56254.25739642687,237.17979972254565,0.5069158420001258
73,0.0001,350.0044605633107,365888.25152138615,604.8869741707009,0.45144548300004317
73,0.001,44.146595338754864,7383.644060612405,85.92813311490251,0.4219053619999613
73,0.01,51.87619217597364,5072.303927809796,71.22010901290307,0.441749437999988
73,0.1,28.218486078405157,1456.2186538890612,38.160433093573,0.4029168780002692
73,1,13.611296316685134,278.69288815786666,16.694097404707648,0.42772581700000956
73,10,15.717517272839338,388.80502819980615,19.718139572480112,0.4534520810002505
73,100,5.183352208152468,43.8315550701444,6.620540391096817,0.4197196269997221
73,1000,8.204601506788102,88.3435677694574,9.399125904543325,0.42921424699989075
73,10000,4.853982014747452,33.161465821787594,5.758599293386161,0.4717347589999008
73,100000,16.353113223545638,288.89207418976014,16.996825415052076,0.3987391320001734
74,1e-05,155.56731952909843,56254.21323069605,237.17970661651484,0.4031498939998528
74,0.0001,350.00445969902665,365888.2488261983,604.8869719428567,0.5075398050003059
74,0.001,44.14659622491724,7383.644483700296,85.92813557677309,0.4715862110001581
74,0.1,28.218486084179716,1456.2186548487275,38.160433106147096,0.4272274709996964
74,0.01,51.87619211240668,5072.303908085639,71.22010887442983,0.5549096750000899
74,1,13.611296317321878,278.6928881975422,16.69409740589596,0.480256057999668
74,10,15.71751727307095,388.80502821755454,19.718139572930163,0.4326066590001574
74,100,5.183352208272765,43.831555072854144,6.620540391301464,0.43585268700007873
74,1000,8.20460150677265,88.3435677691862,9.3991259045289,0.4234511259996907
74,10000,4.853982014747085,33.16146582178102,5.758599293385591,0.42758457500031
75,1e-05,155.56728877388176,56254.180268082695,237.17963712781648,0.2735801080002602
74,100000,16.353113223545165,288.89207418974456,16.996825415051617,0.40882235299977765
75,0.0001,350.00445902424093,365888.2467270142,604.8869702076696,0.4178320519999943
75,0.01,51.87619206548243,5072.30389350733,71.22010877208297,0.4463500700003351
75,0.001,44.14659687647082,7383.644795883074,85.92813739330717,0.4697250150002219
75,0.1,28.2184860884056,1456.21865555251,38.16043311536846,0.48109558899977856
75,100,5.183352208360769,43.83155507484382,6.62054039145173,0.12026388599997517
75,1,13.61129631778911,278.69288822671126,16.694097406769593,0.5046537470002477
75,10,15.717517273240317,388.80502823055764,19.718139573259887,0.42660320799996043
75,10000,4.853982014746812,33.161465821776176,5.75859929338517,0.31938238800012186
75,1000,8.204601506761357,88.34356776898838,9.399125904518376,0.41262041700019836
75,100000,16.35311322354482,288.8920741897332,16.996825415051283,0.4430065870001272
76,1e-05,155.56726589008636,56254.1556958429,237.17958532690562,0.44562050199965597
76,0.0001,350.0044585075613,365888.2451080686,604.886968869448,0.4355369929999142
76,0.001,44.1465973559854,7383.645026441598,85.92813873488473,0.4392849370001386
76,0.01,51.87619203090577,5072.303882739379,71.22010869648669,0.4774423370004115
76,0.1,28.21848609149832,1456.2186560686391,38.16043312213108,0.36288504999993165
76,1,13.611296318131956,278.69288824815544,16.69409740741186,0.44943301600005725
76,10,15.717517273364196,388.8050282400862,19.718139573501507,0.4669590309999876
76,10000,4.853982014746607,33.161465821772616,5.758599293384861,0.24906190100000458
76,100,5.183352208425165,43.83155507630513,6.620540391562091,0.4822992660001546
76,100000,16.35311322354457,288.8920741897249,16.99682541505104,0.26735484499977247
76,1000,8.204601506753097,88.34356776884405,9.399125904510699,0.5170178340003986
77,1e-05,155.56724891000832,56254.13741537041,237.17954678970614,0.23229359999959343
77,0.001,44.14659770888206,7383.645196669746,85.92813972541094,0.46747376299981624
77,0.0001,350.00445811216736,365888.24386282376,604.8869678401278,0.5534224359998916
77,0.01,51.876192005403695,5072.30387478168,71.22010864061976,0.5269779709997238
77,0.1,28.21848609376189,1456.2186564471544,38.16043312709061,0.5047431020002477
77,1,13.611296318383536,278.69288826392045,16.694097407884033,0.380097934999867
77,10,15.717517273454826,388.80502824707025,19.718139573678606,0.3949026589998539
77,100,5.183352208472301,43.83155507737864,6.620540391643165,0.4155812069998319
77,1000,8.204601506747055,88.34356776873872,9.399125904505095,0.40938033899965376
78,1e-05,155.5672362833157,56254.12380248977,237.17951809228757,0.2643686690003051
77,10000,4.853982014746456,33.16146582176999,5.758599293384632,0.4600747539998338
77,100000,16.353113223544387,288.8920741897188,16.99682541505086,0.46541509899998346
78,0.0001,350.0044578066892,365888.24290592404,604.8869670491538,0.4488875749998442
78,0.001,44.146597968595835,7383.645322407301,85.92814045705458,0.4207937649998712
78,0.01,51.87619198661013,5072.303868901428,71.22010859933751,0.41117418900012126
78,0.1,28.218486095418562,1456.2186567247338,38.16043313072762,0.4052389650000805
78,1,13.61129631856814,278.69288827550963,16.69409740823114,0.259292163000282
78,10,15.717517273521151,388.8050282521902,19.718139573808433,0.4167350410002655
78,100,5.183352208506811,43.83155507816746,6.62054039170274,0.4339382570001362
78,1000,8.204601506742634,88.34356776866184,9.399125904501005,0.4360413290000906
78,10000,4.853982014746342,33.161465821768054,5.7585992933844645,0.4396090740001455
78,100000,16.353113223544256,288.8920741897143,16.996825415050726,0.4194444090003344
79,0.0001,350.00445757488063,365888.24217568274,604.8869664455358,0.4153924039997037
79,1e-05,155.56722684732645,56254.1136423095,237.179496673531,0.44417241999963153
79,0.001,44.1465981599022,7383.645415311074,85.9281409976445,0.42326548800019737
79,0.01,51.876191972717635,5072.303864550825,71.22010856879415,0.41871084200010955
79,1,13.611296318703596,278.6928882840288,16.694097408486293,0.42051987600007124
79,0.1,28.218486096631043,1456.2186569282833,38.16043313339464,0.43251086999998734
79,10,15.717517273569696,388.8050282559445,19.71813957390363,0.4240219920002346
79,100,5.183352208532086,43.83155507874723,6.620540391746525,0.476096754000082
79,10000,4.853982014746257,33.161465821766626,5.75859929338434,0.45335729500038724
79,100000,16.353113223544156,288.892074189711,16.99682541505063,0.439906069999779
79,1000,8.204601506739403,88.34356776860571,9.39912590449802,0.5007621470003869
80,1e-05,155.567219882048,56254.1061099474,237.1794807944975,0.4235995220001314
80,0.0001,350.00445740206476,365888.2416222342,604.8869659880548,0.39789160200007245
80,0.001,44.14659830086794,7383.645483982547,85.92814139723113,0.42787367099981566
80,0.01,51.87619196245815,5072.303861332485,71.22010854619982,0.4104114639999352
80,0.1,28.218486097518323,1456.2186570775298,38.160433135350154,0.4982896609999443
80,1,13.611296318802976,278.6928882902904,16.694097408673834,0.5081442430000607
80,10,15.717517273605234,388.80502825869775,19.718139573973446,0.5143319999997402
80,100,5.183352208550599,43.83155507917344,6.620540391778714,0.5168702559999474
80,100000,16.353113223544085,288.8920741897087,16.996825415050562,0.3959966769998573
80,1000,8.204601506737035,88.34356776856471,9.399125904495838,0.48670936799999254
80,10000,4.853982014746194,33.16146582176558,5.75859929338425,0.4743538190000436
81,1e-05,155.56721468848684,56254.100497292486,237.17946896241352,0.45559282900012477
81,0.0001,350.004457263018,365888.24119428516,604.8869656343119,0.45105540499980634
81,0.001,44.146598404742804,7383.645534748261,85.92814169262745,0.5030591970003115
81,0.01,51.87619195488075,5072.303858951339,71.22010852948301,0.48821352899994963
81,0.1,28.218486098167762,1456.2186571869686,38.16043313678408,0.46673797199991895
81,1,13.611296318875894,278.69288829489295,16.694097408811682,0.3745303159998912
81,100,5.183352208564165,43.83155507948681,6.62054039180238,0.4241780560000734
81,10,15.717517273631264,388.8050282607174,19.71813957402466,0.46696024399989255
81,1000,8.2046015067353,88.34356776853478,9.399125904494246,0.44314956700009134
81,10000,4.853982014746148,33.16146582176481,5.758599293384183,0.40413254999975834
81,100000,16.35311322354403,288.89207418970693,16.99682541505051,0.44869380099999034
82,0.0001,350.00445716522927,365888.24087707605,604.8869653721066,0.45291246900023907
82,1e-05,155.5672108694789,56254.09634425296,237.1794602073564,0.4709429550002824
82,0.001,44.14659848130685,7383.645572278242,85.92814191100749,0.4323224290001235
82,0.01,51.876191949281974,5072.303857189016,71.22010851711065,0.4102232550003464
82,1,13.611296318929398,278.6928882982756,16.694097408912995,0.394854099999975
82,0.1,28.21848609864305,1456.2186572672058,38.1604331378354,0.4137290479998228
82,10,15.717517273650323,388.80502826219913,19.71813957406223,0.4237574029998541
82,100,5.183352208574108,43.8315550797173,6.6205403918197865,0.39677735800023584
82,1000,8.204601506734031,88.3435677685129,9.399125904493083,0.42674894599986146
82,10000,4.853982014746113,33.161465821764224,5.758599293384132,0.4186011300002974
82,100000,16.353113223543993,288.8920741897057,16.996825415050473,0.4081787830000394
83,1e-05,155.5672080278111,56254.09325486715,237.1794536945963,0.45476051500008907
83,0.001,44.14659853774123,7383.645600025794,85.92814207246538,0.3935481749999781
83,0.0001,350.00445708918807,365888.24063505547,604.8869651720522,0.4253822390001005
83,0.01,51.876191945143816,5072.303855884319,71.22010850795104,0.41253232100007153
83,0.1,28.218486098990855,1456.2186573260292,38.16043313860613,0.4156210109999847
83,1,13.61129631896865,278.6928883007616,16.694097408987453,0.4119219819999671
83,10,15.717517273664285,388.8050282632863,19.7181395740898,0.4120643700002802
83,100,5.183352208581397,43.83155507988685,6.620540391832591,0.48549265700012256
83,1000,8.2046015067331,88.3435677684969,9.39912590449223,0.41469688200004384
83,100000,16.353113223543964,288.8920741897047,16.996825415050445,0.4531064149996382
83,10000,4.853982014746086,33.16146582176381,5.758599293384096,0.4730885799999669
84,1e-05,155.5672059203877,56254.09096162289,237.17944886018876,0.4603638610001326
84,0.0001,350.0044570331713,365888.2404537228,604.8869650221625,0.45826720800005205
84,0.01,51.87619194208425,5072.30385491814,71.22010850116799,0.3994348269998227
84,0.001,44.14659857938482,7383.645620557387,85.92814219193492,0.42223278400024356
84,0.1,28.218486099245364,1456.2186573691488,38.16043313917111,0.4938278849999733
84,100,5.183352208586741,43.8315550800116,6.620540391842013,0.41757264600028066
84,10,15.717517273674515,388.8050282640843,19.718139574110037,0.43059279099998093
84,1,13.611296318997445,278.69288830258836,16.694097409042165,0.4738717469999756
84,1000,8.204601506732418,88.3435677684852,9.399125904491608,0.4489425659999142
84,100000,16.353113223543943,288.89207418970403,16.996825415050424,0.4183481690001827
84,10000,4.853982014746067,33.1614658217635,5.758599293384069,0.42878073899964875
85,1e-05,155.56720434269118,56254.08925553206,237.17944526356422,0.4204328030000397
85,0.0001,350.0044569903205,365888.2403166172,604.8869649088309,0.4542194389996439
85,0.01,51.876191939821496,5072.303854202463,71.22010849614358,0.44487405400013813
85,0.001,44.14659861008463,7383.645635741041,85.9281422802858,0.46678229799999826
85,0.1,28.218486099431594,1456.218657400755,38.16043313958524,0.5253790910001044
85,10,15.717517273682017,388.80502826467006,19.71813957412489,0.37755230999982814
85,100,5.1833522085906605,43.831555080103385,6.620540391848945,0.39955991199985874
85,1,13.61129631901857,278.69288830393066,16.694097409082367,0.5010576639997453
85,1000,8.204601506731917,88.34356776847665,9.399125904491154,0.4139263439997194
85,10000,4.853982014746053,33.16146582176327,5.75859929338405,0.4347840120003639
85,100000,16.353113223543932,288.8920741897035,16.99682541505041,0.40272144599975945
86,0.0001,350.0044569583515,365888.24021387397,604.8869648239032,0.4042826019999666
86,1e-05,155.56720317973878,56254.087990198044,237.17944259610283,0.43685038800003895
86,0.001,44.14659863275168,7383.645646981303,85.92814234569082,0.43541956499984735
86,0.01,51.87619193814751,5072.303853672186,71.22010849242078,0.43159776399988914
86,0.1,28.218486099567862,1456.21865742392,38.16043313988875,0.4598151840000355
86,1,13.611296319034063,278.6928883049169,16.694097409111908,0.45111413499989794
86,10,15.717517273687507,388.8050282651,19.71813957413579,0.4369714239996938
86,100,5.1833522085935355,43.83155508017096,6.620540391854049,0.46945270700007313
86,10000,4.853982014746042,33.1614658217631,5.758599293384035,0.40493620300003386
86,1000,8.204601506731551,88.3435677684704,9.399125904490822,0.4805943829996977
87,1e-05,155.5672023301939,56254.0870585361,237.17944063205837,0.2270616290002181
86,100000,16.353113223543918,288.8920741897032,16.9968254150504,0.40928258000030837
87,0.01,51.876191936908725,5072.303853279179,71.22010848966167,0.20622317499964993
87,0.0001,350.00445693457317,365888.24013693805,604.8869647603079,0.428770734000409
87,0.001,44.146598649485405,7383.6456553020125,85.92814239410748,0.40852701599987995
87,10,15.717517273691538,388.80502826541573,19.718139574143798,0.1315431399998488
87,0.1,28.218486099667548,1456.2186574408959,38.16043314011118,0.3321811119999438
87,1000,8.204601506731283,88.34356776846583,9.399125904490578,0.1728082690001429
87,1,13.611296319045428,278.69288830564136,16.694097409133605,0.39909315999966566
87,100,5.183352208595645,43.8315550802207,6.620540391857805,0.36570800999970743
87,10000,4.853982014746033,33.16146582176297,5.758599293384023,0.18036529800019707
87,100000,16.35311322354391,288.8920741897029,16.99682541505039,0.2129371659998469
88,1e-05,155.56720169798112,56254.08636515364,237.1794391703329,0.42858522799997445
88,0.0001,350.00445691662287,365888.2400792356,604.8869647126111,0.4533010430000104
88,0.001,44.14659866183812,7383.645661461542,85.92814242994865,0.4548354339999605
88,0.01,51.876191935992516,5072.303852987971,71.22010848761725,0.44777442200029327
88,1,13.611296319053771,278.69288830617404,16.69409740914956,0.40588479999996707
88,0.1,28.21848609974058,1456.2186574533455,38.16043314027431,0.477774197999679
88,10,15.717517273694492,388.80502826564754,19.718139574149674,0.46229789500011975
88,100,5.183352208597195,43.83155508025733,6.620540391860572,0.3920744319998448
88,1000,8.204601506731086,88.34356776846249,9.3991259044904,0.4825104840001586
88,10000,4.853982014746029,33.161465821762874,5.758599293384015,0.4518831250002222
88,100000,16.353113223543904,288.89207418970267,16.996825415050385,0.470753882000281
89,1e-05,155.56720123027736,56254.08585177699,237.1794380880792,0.4936145659999056
89,0.0001,350.0044569032908,365888.2400361442,604.8869646769917,0.4625823390001642
89,0.001,44.146598670965524,7383.645666024243,85.92814245649816,0.46890016599991213
89,0.01,51.876191935313535,5072.303852771923,71.22010848610049,0.42828452599997036
89,0.1,28.218486099793925,1456.2186574624593,38.16043314039372,0.43441770300023563
89,1,13.611296319059884,278.692888306565,16.69409740916127,0.3099539949998871
89,10,15.717517273696659,388.8050282658178,19.71813957415399,0.40897930699975404
89,100,5.183352208598331,43.831555080284296,6.620540391862608,0.4142889239997203
89,1000,8.20460150673094,88.34356776846003,9.399125904490269,0.48921276300006866
89,10000,4.853982014746023,33.16146582176281,5.758599293384009,0.4923578240000097
89,100000,16.3531132235439,288.89207418970256,16.99682541505038,0.47192477299995517
90,1e-05,155.56720088294722,56254.085471340055,237.17943728607685,0.49036367000007886
90,0.0001,350.00445689336726,365888.2400040037,604.8869646504244,0.42619783500003905
90,0.001,44.14659867770947,7383.645669404157,85.92814247616526,0.4428029199998491
90,0.01,51.87619193481061,5072.303852611675,71.22010848497547,0.4330756209997162
90,0.1,28.21848609983294,1456.2186574691355,38.160433140481196,0.44057485599978463
90,1,13.611296319064365,278.69288830685207,16.694097409169867,0.4220747570002459
90,10,15.717517273698247,388.80502826594284,19.718139574157163,0.4814629470001819
90,10000,4.853982014746021,33.16146582176276,5.758599293384005,0.3717018199999984
90,100,5.183352208599165,43.83155508030417,6.620540391864109,0.4889692510000714
90,1000,8.204601506730835,88.34356776845824,9.399125904490175,0.4885494870000002
90,100000,16.353113223543897,288.89207418970244,16.996825415050377,0.47975739200001044
91,1e-05,155.5672006242383,56254.085189545855,237.17943669202407,0.4081252169999061
91,0.001,44.14659868269372,7383.645671908462,85.92814249073736,0.38643756700002996
91,0.0001,350.00445688599206,365888.23998006777,604.8869646306389,0.45683976999998777
91,0.1,28.21848609986148,1456.2186574740258,38.16043314054527,0.40431314400029805
91,0.01,51.876191934438005,5072.303852492784,71.2201084841408,0.5295320499999434
91,1,13.611296319067652,278.69288830706284,16.69409740917618,0.46557493199998135
91,10,15.71751727369941,388.80502826603475,19.718139574159494,0.5119849490001798
91,100,5.183352208599778,43.83155508031881,6.620540391865214,0.4304731269999138
91,10000,4.853982014746017,33.161465821762725,5.758599293384002,0.44389692300001116
91,1000,8.204601506730759,88.34356776845694,9.399125904490106,0.4810120930001176
91,100000,16.353113223543893,288.8920741897024,16.996825415050377,0.43643112000017936
92,1e-05,155.56720043621058,56254.084982215405,237.17943625494897,0.46132098899988705
92,0.0001,350.0044568805062,365888.2399622424,604.8869646159044,0.459948569000062
92,0.001,44.14659868637756,7383.645673764125,85.9281425015351,0.4647339040002407
92,0.01,51.876191934161895,5072.3038524045605,71.22010848352143,0.48816365599986966
92,0.1,28.21848609988235,1456.218657477608,38.16043314059221,0.453935014000308
92,1,13.611296319070062,278.6928883072177,16.694097409180817,0.3969440850000865
92,10,15.717517273700269,388.8050282661023,19.718139574161206,0.4215458469998339
92,100,5.183352208600228,43.83155508032959,6.620540391866029,0.4218137470002148
92,100000,16.353113223543893,288.8920741897023,16.996825415050374,0.20190378299957956
92,1000,8.2046015067307,88.34356776845597,9.399125904490054,0.4583018270000139
92,10000,4.853982014746015,33.1614658217627,5.758599293383999,0.4405950479999774
93,1e-05,155.5672002959728,56254.084828058905,237.17943592997034,0.431636927999989
93,0.0001,350.00445687644884,365888.23994902236,604.8869646049767,0.4415233210002043
93,1,13.611296319071828,278.69288830733143,16.694097409184224,0.1420213269998385
93,0.001,44.14659868910229,7383.6456751398755,85.92814250954035,0.4617209850002837
93,0.01,51.87619193395721,5072.30385233907,71.22010848306165,0.4242604519999986
93,0.1,28.218486099897603,1456.2186574802306,38.16043314062657,0.4175740370001222
93,10,15.717517273700894,388.8050282661519,19.718139574162464,0.3746947560002809
93,100,5.183352208600558,43.83155508033754,6.620540391866629,0.4340795419998358
93,1000,8.20460150673066,88.34356776845527,9.399125904490017,0.44343442999979743
93,10000,4.8539820147460135,33.161465821762675,5.758599293383997,0.48174273499989795
94,0.0001,350.00445687344524,365888.23993921705,604.8869645968716,0.3418254399998659
93,100000,16.35311322354389,288.89207418970227,16.996825415050374,0.4661240139998881
94,1e-05,155.56720019234777,56254.0847140322,237.17943568958967,0.4830992629999855
94,0.001,44.146598691117696,7383.645676159896,85.92814251547566,0.4595283050002763
94,0.01,51.87619193380544,5072.303852290444,71.22010848272028,0.4606526110001141
94,0.1,28.21848609990876,1456.2186574821505,38.160433140651726,0.472832464000021
94,1,13.611296319073123,278.6928883074148,16.69409740918672,0.505799319000289
94,10,15.717517273701354,388.8050282661884,19.71813957416339,0.5577685200000815
94,100,5.183352208600801,43.83155508034339,6.620540391867071,0.4580609579998054
94,1000,8.20460150673063,88.34356776845476,9.39912590448999,0.46582269700002144
94,10000,4.8539820147460135,33.16146582176266,5.7585992933839965,0.448674457999914
94,100000,16.35311322354389,288.89207418970227,16.996825415050374,0.4337829710002552
95,1e-05,155.56720011581928,56254.08462973211,237.17943551187594,0.4162791839999045
95,0.0001,350.0044568712246,365888.23993195366,604.8869645908677,0.41825565799990727
95,0.001,44.146598692608805,7383.645676916326,85.92814251987718,0.42062743899987254
95,0.01,51.87619193369287,5072.303852254334,71.22010848246676,0.42461976100003085
95,0.1,28.218486099916916,1456.2186574835564,38.16043314067014,0.4705044520001138
95,1,13.61129631907407,278.6928883074761,16.694097409188558,0.4290386320003563
95,10,15.717517273701691,388.80502826621523,19.71813957416407,0.5284549600000901
95,10000,4.853982014746012,33.161465821762654,5.758599293383996,0.31105267900011313
95,1000,8.204601506730606,88.34356776845438,9.399125904489969,0.34608468700025696
95,100,5.183352208600979,43.83155508034771,6.620540391867397,0.520718597999803
95,100000,16.35311322354389,288.8920741897022,16.99682541505037,0.4249920519996522
96,1e-05,155.56720005909213,56254.084567283004,237.17943538022644,0.4236017829998673
96,0.0001,350.0044568696473,365888.2399266794,604.886964586508,0.41130097699988255
96,0.001,44.1465986937177,7383.64567747909,85.9281425231518,0.4232505879999735
96,0.01,51.87619193360789,5072.303852227229,71.22010848227647,0.4677505200002088
96,1,13.611296319074762,278.692888307521,16.6940974091899,0.4496147189997828
96,0.1,28.218486099922806,1456.2186574845782,38.16043314068354,0.4577070269997421
96,10,15.71751727370194,388.8050282662348,19.718139574164567,0.45457168199982334
96,100,5.183352208601111,43.831555080350896,6.620540391867638,0.4686375390001558
96,10000,4.853982014746012,33.16146582176264,5.758599293383995,0.42964648799988936
96,100000,16.35311322354389,288.8920741897022,16.99682541505037,0.3885320950003006
96,1000,8.20460150673059,88.34356776845411,9.399125904489955,0.4598900149999281
97,1e-05,155.5672000141026,56254.084518425545,237.1794352772296,0.47915709700009756
97,0.0001,350.00445686884075,365888.2399235531,604.8869645839238,0.4728960510001343
97,0.01,51.87619193354302,5072.3038522068355,71.2201084821333,0.4728134659999341
97,0.001,44.14659869441483,7383.645677844258,85.92814252527666,0.5130410480001046
97,0.1,28.218486099927304,1456.2186574853424,38.16043314069355,0.4326454689999082
97,1,13.611296319075274,278.69288830755397,16.69409740919089,0.43417181499989965
97,100,5.1833522086012085,43.83155508035325,6.620540391867816,0.4227556599998934
97,10,15.717517273702123,388.8050282662492,19.718139574164933,0.4516131939999468
97,1000,8.204601506730576,88.34356776845391,9.399125904489944,0.45982883300030153
97,10000,4.853982014746012,33.16146582176264,5.758599293383995,0.46722222600010355
97,100000,16.35311322354389,288.89207418970216,16.99682541505037,0.47077116899981775
98,1e-05,155.5671999833288,56254.08448442242,237.17943520554732,0.47260559500000454
98,0.0001,350.00445686794944,365888.2399206219,604.8869645815009,0.43821201599985216
98,0.001,44.14659869501963,7383.645678153135,85.92814252707396,0.4309963370001242
98,0.1,28.218486099930484,1456.2186574858933,38.16043314070077,0.446590708000258
98,0.01,51.87619193349703,5072.303852192027,71.22010848202933,0.4867335889998685
98,1,13.611296319075647,278.69288830757813,16.694097409191613,0.4877970339998683
98,10,15.717517273702255,388.80502826625997,19.718139574165203,0.48645406100013133
98,100,5.183352208601279,43.831555080354974,6.620540391867946,0.47022846600020785
98,1000,8.204601506730569,88.34356776845375,9.399125904489935,0.5525438189997658
98,10000,4.853982014746011,33.16146582176263,5.758599293383994,0.4277910929999962
98,100000,16.35311322354389,288.89207418970216,16.99682541505037,0.3733038300001681
99,1e-05,155.56719999381025,56254.084476634416,237.17943518912935,0.5497941509997872
99,0.0001,350.00445686729125,365888.23991860054,604.88696457983,0.7709020639999835
99,0.01,51.87619193343917,5072.303852177783,71.22010848192933,0.6982182309998279
99,0.001,44.14659869540887,7383.645678349644,85.9281425282174,0.733966302999761
99,0.1,28.218486099932147,1456.2186574862562,38.16043314070552,0.7216973519998646
99,10,15.717517273702354,388.80502826626775,19.718139574165402,0.5378736699999536
99,1,13.611296319075818,278.6928883075919,16.694097409192025,0.7635778389999359
99,100,5.183352208601331,43.831555080356246,6.620540391868042,0.6747265330000118
99,1000,8.20460150673056,88.34356776845365,9.39912590448993,0.7472459830000844
99,10000,4.85398201474601,33.161465821762626,5.758599293383993,0.5405019080003512
99,100000,16.35311322354389,288.89207418970216,16.99682541505037,0.5465894620001563
