degree,mae,mse,rmse,time
57,910131002473.8792,7.104803875071162e+24,2665483797563.054,146194474
22,1735825.9250662234,14497360222594.562,3807539.9174000216,48679590
17,85325.17366393308,27862704307.96146,166921.25181642227,45915311
63,540886497219.88153,2.2183478820241466e+24,1489411924896.5837,121073772
37,810179150.1759975,4.1343261263723126e+18,2033304238.5172744,118875297
15,13394.901973103248,782319523.3877524,27969.975391261116,27288550
50,83807341322.8469,5.450257992135213e+22,233457876117.62454,381777943
47,49830107727.833725,1.883306310524386e+22,137233607783.38467,408690352
40,1070714142.7283603,7.353017795953239e+18,2711644850.63093,422482371
11,876.923301168053,2539995.373706659,1593.7362936529553,34568266
26,16508344.338960491,1451690860452818.0,38101061.14602083,49950586
5,46.89932069709691,3697.5975979699424,60.80787447337674,6778693
9,688.517890112729,1291477.068338571,1136.4317262108495,14741156
43,22660318912.86895,3.724418727241823e+21,61028015920.90163,450044941
33,50549059.455079496,1.3559817203444588e+16,116446628.13256805,347649792
29,60107649.16479713,1.974498709345787e+16,140516856.9725991,55332271
6,7.0710061892885046,88.50667630720208,9.407798696145772,6803836
3,8.048658981816939,95.66935538056367,9.781071279801802,14999500
23,2161664.5062472257,22640418114515.113,4758194.837805102,60072247
46,65526054358.09347,3.2550767940810022e+22,180418313762.23984,382054641
53,1447469696315.409,1.7281213520770152e+25,4157067899465.9385,373804117
59,2265293515984.4585,4.533980580924196e+25,6733483928045.121,446042301
56,351120823687.87604,1.0233587352664196e+24,1011611948953.9552,264205752
18,168824.93455812722,114631153245.77364,338572.22751692677,58114839
62,1105104819530.4546,9.946630071508977e+24,3153827844304.2793,359728065
36,1630599737.7748435,1.722474860188702e+19,4150270907.047758,70667121
49,45573509951.39571,1.577935235634039e+22,125615892132.88417,199607711
39,1238105748.0165799,9.906564446875474e+18,3147469530.7302775,140090959
14,24463.803195819317,2180557704.482449,46696.442096614264,66160195
25,338913.45996974915,352558584579.64355,593766.4394184329,48066057
8,6.780006650106228,70.99615756124162,8.42592176329935,19176162
4,12.066103221289314,216.7903288410406,14.723801439880958,10141003
31,83209131.6449503,3.895632620069812e+16,197373570.1675838,405139348
42,1378973425.977447,1.4675390170669079e+19,3830847187.0682964,411052532
19,321499.05310738384,475490309988.98376,689558.0541107353,48446977
60,7240909084279.888,4.8317490340496055e+26,21981239805910.87,413671802
32,110618320.26428884,6.998815240723231e+16,264552740.31321678,415370569
28,26642554.803060595,3788004581515303.0,61546767.43351598,54271895
2,7.545379953594641,84.1332750520414,9.172419258409496,11267406
45,19689694054.245667,2.849147185167142e+21,53377403319.823845,122462673
52,230360128252.9257,4.238725849381562e+23,651054978429.7454,108864314
13,9436.600252029624,310635596.5264004,17624.857347689383,42236273
58,623936131871.5845,3.2362611023402626e+24,1798961117517.6252,333186436
55,150483327014.18005,1.83705874996056e+23,428609233447.0362,167184051
16,90934.94795838998,31886805205.334877,178568.76884084428,57069342
34,60022521.272094704,1.954886874144057e+16,139817269.11022317,87522651
61,3137294738756.8154,9.617998058307669e+25,9807139266018.234,100941795
35,293420201.51932895,5.219429185514834e+17,722456170.6785287,157563646
20,183235.99396939907,136251600266.61487,369122.7441740956,63880856
48,37964212110.86699,1.0967510213679441e+22,104725881298.175,428114713
38,1279860865.285254,1.0607812450466333e+19,3256963685.7764215,148546170
41,467154714.83780396,1.268061957974424e+18,1126082571.5614393,402334444
27,16165726.696896562,1344410967621613.2,36666210.161695376,56379114
24,2499327.009401533,30518140980831.383,5524322.6716794325,72246094
12,225444.76707838048,175961053774.39334,419477.11948852864,24928250
44,37285751913.80948,1.0130398743357416e+22,100649881983.8226,378184486
30,61038333.59977136,2.0490209901154796e+16,143144018.0418127,49548636
1,7.950100603854456,83.66530903426467,9.146874276727797,10390977
7,52.11855303405493,6776.39174428783,82.31884197611036,9936056
21,93407.00029117399,32004204135.296104,178897.18872943785,48188038
10,398.6467998593519,541309.6182032912,735.7374655427649,43648751
54,139885254170.09512,1.529943174423535e+23,391144880373.44104,113023525
51,1586199332916.1624,2.0796430076574843e+25,4560310304855.893,398724308
67,11145874197269.297,1.2490671581807316e+27,35342144221605.055,76271352
66,1662303249054.6348,2.837645366771754e+25,5326955384430.917,318795932
65,110899933412247.95,1.1721290182575857e+29,342363698171635.25,447746705
68,13501605038904.242,1.8199617461325516e+27,42661009670805.4,227843773
64,1291599504799.186,1.7490965431980991e+25,4182220155847.967,469074133
69,6530203703935.617,4.420039641581191e+26,21023890319303.87,194043299
70,68879562718372.34,4.933722950003243e+28,222119853907822.53,293580323
71,4467682617698.244,2.1435244412223224e+26,14640780174643.436,347528204
72,35082448542599.02,1.3014572695404062e+28,114081430107638.73,388209659
73,30681424624880.887,9.924222280476557e+27,99620390886989.38,459177836
74,13833881411792.684,1.9672821203189246e+27,44354054158768.0,443182510
75,74929205722174.83,6.060663706542928e+28,246184152750393.9,478033311
76,78755057722216.75,6.721995664667813e+28,259268117296898.12,489818910
77,16161079004330.762,2.7129007011376825e+27,52085513351964.6,426374343
78,196151822434273.03,4.241115236671921e+29,651238453768811.2,477071678
79,465897758420326.2,2.4096007152471816e+30,1552288863339289.0,436730502
80,956119551483593.8,1.0174169009069455e+31,3189697322485231.5,415652543
81,672013655865258.1,5.429825137656842e+30,2330198518937140.5,418430713
82,84668032028504.84,7.8648871357677325e+28,280444061013381.66,429816621
83,88861351259828.8,1.1416294533096118e+29,337880075368408.2,446311271
84,1173178956109291.8,1.6611060361022894e+31,4075666860898090.5,440716197
85,824731730204489.8,8.114798952228445e+30,2848648618595920.0,429347559
87,6020512669408186.0,4.45192787356379e+32,2.1099592113507292e+16,254337085
86,2.7826278849073376e+16,9.432669502596207e+33,9.712193111031208e+16,407233254
89,6289753051750461.0,4.992462118905087e+32,2.234381820304016e+16,286606540
88,1.4062513770616296e+16,2.4163206246719953e+33,4.9156084309798264e+16,460642729
91,2099572079563720.5,5.7412410939539285e+31,7577097791340645.0,374958709
90,1.970507236946226e+16,4.8607207314953765e+33,6.971886926432023e+16,460560495
92,3.3675430254510108e+16,1.4377826506431052e+34,1.1990757485009466e+17,388786435
93,1077248522455726.8,1.1313185355802514e+31,3363507894416559.0,476909170
94,1.4633524931181924e+16,2.798136378148136e+33,5.289741371889684e+16,448890117
96,6783629555744617.0,5.438486159913306e+32,2.3320562085664456e+16,306176900
95,2.686468946830107e+16,9.160689001334929e+33,9.571148834562614e+16,486665805
97,3.4085438960930204e+16,1.525540418922173e+34,1.2351276933670352e+17,484160025
98,7.85323453255964e+16,8.312081129765488e+34,2.883068006441313e+17,387863787
99,7.438117661798768e+16,7.467841029201091e+34,2.732735082147754e+17,625701936
100,2.4093526248173962e+17,8.047944779117767e+35,8.971033819531485e+17,687144580
101,6.960233692122182e+17,6.803409116418716e+36,2.6083345484079903e+18,647462059
102,3.207747100266652e+17,1.456160510033452e+36,1.2067147591843948e+18,678699745
103,1.1382068152161193e+18,1.8157058289819617e+37,4.2611099833047747e+18,597323323
104,5.2733314762709504e+17,3.965800354915961e+36,1.9914317349374449e+18,666662308
105,4.741032647267843e+17,3.090715150226784e+36,1.7580429887311585e+18,718265014
106,2.615077606731902e+17,1.0458084066679481e+36,1.022647743197993e+18,738408917
107,8.715629110756292e+17,1.0607959228552554e+37,3.256986218661748e+18,730625822
108,1.0181346710433887e+20,1.5256906240066452e+41,3.9060089912936006e+20,670812927
109,3.623575653121529e+18,2.020721785714557e+38,1.4215209410045837e+19,485405045
110,2.429795438363757e+18,8.876296984491416e+37,9.421410183455242e+18,696333979
111,7.84610458945582e+18,9.344304451927864e+38,3.0568455067156836e+19,733991753
112,1.0398493110709147e+18,1.8591151466839551e+37,4.31174575628475e+18,723261757
113,1.0810572211319763e+19,1.7639916432445633e+39,4.19999005146984e+19,720736981
114,1.0994470194805256e+19,1.9269596563133533e+39,4.389714861256199e+19,742207364
115,3.660036028368134e+19,2.0873032562296762e+40,1.444750240086388e+20,720783443
116,4.7476890740316635e+19,3.650832249081974e+40,1.9107151145793487e+20,707586209
117,2.1152111191823452e+18,8.0869962728612715e+37,8.992772805348344e+18,693637252
118,3.042516962139081e+19,1.41184816616009e+40,1.1882121721982525e+20,666861512
119,1.5387420846506201e+19,3.760172823550526e+39,6.132024807150185e+19,780136807
120,1.5003532784511437e+21,3.6051614368460183e+43,6.00429965678431e+21,772317234
121,7.736070227081293e+19,9.785998636848234e+40,3.128258083478445e+20,765681354
122,7.885579744165102e+20,9.893336851441105e+42,3.145367522475093e+21,764237083
123,1.5245345476987165e+20,3.710780446203599e+41,6.0916175571055e+20,792675673
124,4.4583555304880037e+21,3.2775913477678527e+44,1.8104119276473663e+22,712645473
125,3.6275332673131636e+20,2.2035293589337343e+42,1.4844289672913737e+21,753811156
126,1.9164130234614465e+21,5.883387098646241e+43,7.670324047031025e+21,709206835
127,1.7129341456324598e+21,4.952501667025417e+43,7.037401272504942e+21,792190186
128,6.381459354757108e+20,7.01292900868749e+42,2.648193536863854e+21,782768469
129,5.34380834905445e+20,4.792902007139867e+42,2.1892697428914206e+21,737546065
130,4.768253133088524e+20,4.158302962161532e+42,2.0391917423728284e+21,790890560
133,3.9501342324223823e+21,2.762858435247096e+44,1.6621848378706552e+22,696183408
131,1.1097941668952204e+21,2.2226393934303814e+43,4.714487664031354e+21,801327282
132,1.2087250445380952e+20,2.641392402847731e+41,5.1394478330339446e+20,797546847
134,4.065829841223886e+22,2.933235310164251e+46,1.7126690603161637e+23,822606083
137,4.050202551746503e+22,2.95220523660149e+46,1.7181982529968682e+23,751430959
135,8.131202614258614e+21,1.171845407604473e+45,3.4232227616742575e+22,820116442
136,3.4466180892090077e+21,2.1383364630137377e+44,1.4623051880553997e+22,803805631
138,9.175507024615528e+22,1.5048640806730541e+47,3.879257764924953e+23,850453040
139,3.1691310529817516e+22,1.8311355241329076e+46,1.3531945625566589e+23,863292610
140,1.939403895180574e+22,6.954669655944115e+45,8.33946620350734e+22,881061853
141,5.984207646742268e+24,6.621703589253836e+50,2.573267104140928e+25,876295402
142,6.51970536538041e+22,8.943504956444972e+46,2.99056933650517e+23,763632553
143,2.4637436787045997e+23,1.1321475204728405e+48,1.0640242104730703e+24,559679758
145,6.0365146799295134e+23,6.610281615212026e+48,2.5710467936644065e+24,745889900
144,1.0398616335429954e+24,2.0388618886441292e+49,4.5153758300324563e+24,779464744
146,4.74552090716258e+23,4.315940498254371e+48,2.0774841752115397e+24,710181588
147,1.2082956264629303e+25,2.800163709096344e+51,5.291657310423969e+25,694552923
148,2.6817664061532392e+23,1.481673166298442e+48,1.217239978927098e+24,768979425
149,3.74009314428718e+24,2.769890920309507e+50,1.664298927569656e+25,765202179
150,1.0096994433910783e+25,1.9889183161465634e+51,4.459729045745451e+25,773395472
151,3.90348566494076e+23,3.1354629233998075e+48,1.7707238416534092e+24,772239284
152,4.3932184386418045e+24,3.799834720775702e+50,1.9493164752742695e+25,576800483
153,1.3675367020888362e+26,3.7579725439876573e+53,6.1302304556905995e+26,696191053
154,2.8579839264218917e+24,1.5512282607230752e+50,1.245483143492145e+25,766801288
155,1.7174987474300326e+25,5.98078528642632e+51,7.733553702164562e+25,665377788
156,7.936423245344207e+23,1.3903357448027222e+49,3.728720618124563e+24,772013429
157,3.8694391046892973e+24,3.0366875785361647e+50,1.7426094165177018e+25,735926477
158,2.1037649244098987e+23,1.3798792143177001e+48,1.1746826015216622e+24,365391517
159,4.726622878799505e+25,4.707388365541568e+52,2.1696516691721663e+26,642343743
160,1.1463903093252732e+25,2.7104380123735857e+51,5.20618671618065e+25,707319369
161,1.7101893848035942e+26,6.192593468543116e+53,7.869303316395369e+26,819048421
162,2.534504761388364e+25,1.340459458390376e+52,1.1577821290684944e+26,781163976
163,9.759690253995963e+25,1.966773979423286e+53,4.4348325553771315e+26,828857068
164,3.1971315418203663e+25,2.0825627760869145e+52,1.4431087194272352e+26,681421683
167,2.5722634689711165e+26,1.4191777205953299e+54,1.1912924580451813e+27,424706266
166,2.8966122212824694e+25,1.9465050015266496e+52,1.3951720329502916e+26,875860075
165,3.8684206404739188e+25,3.2047775420060597e+52,1.790189247539505e+26,904158716
168,8.106762987476654e+26,1.4310235193259571e+55,3.7828871504790584e+27,854026216
169,1.7549133153899092e+26,6.614879623343582e+53,8.133191024034528e+26,697195272
170,3.979133693206814e+26,3.4982804083775856e+54,1.870369056731207e+27,779725902
171,1.805828318552501e+27,7.300060498942622e+55,8.544039149572422e+27,828401961
172,1.4346686268232099e+26,4.596714206208742e+53,6.779907231082696e+26,791066745
173,5.186487694958907e+26,6.007317232351639e+54,2.4509829114768708e+27,849894422
174,9.381135869271895e+27,1.9731860903272443e+57,4.442055932028822e+28,738757707
175,1.768439399998542e+27,7.106910619078256e+55,8.430249473816452e+27,717717014
176,4.594684322732289e+27,4.700034687121126e+56,2.167956338841058e+28,738425967
177,1.0931360938833545e+28,2.713567185452819e+57,5.209191094069039e+28,787600410
178,1.3822381795337372e+29,4.468247299832114e+59,6.684494969578565e+29,838355048
179,1.5876154982700654e+28,5.855514083312366e+57,7.652133090395361e+28,790680700
180,1.0173728423106164e+28,2.4286652657576082e+57,4.92814900927073e+28,818654292
181,1.775507435857075e+28,7.471270276147869e+57,8.643651008773936e+28,958351883
183,2.5852420442978874e+29,1.5918415473992116e+60,1.261682031020182e+30,822774773
182,2.2093646856460933e+27,1.1877042824484184e+56,1.089818463070074e+28,890898651
184,1.6024245919111157e+29,6.062574048756327e+59,7.786253302299076e+29,864284497
185,3.678220439113791e+26,5.007223488858181e+54,2.23768261575635e+27,789442098
186,2.058024372463391e+29,1.032406245297987e+60,1.0160739369248613e+30,806840900
187,6.532495325284139e+28,1.045037223353981e+59,3.232703548663225e+29,845842053
188,5.062713505281317e+28,6.348047451555731e+58,2.5195331812769863e+29,826606564
189,1.844488768161558e+29,8.440916709174355e+59,9.187446168100446e+29,830769568
190,3.460561414368721e+29,2.9524120062273783e+60,1.7182584224229422e+30,860919287
191,2.7122123768524382e+29,1.829246979888914e+60,1.35249657296753e+30,869135684
192,2.045365607168704e+29,1.0347462747077895e+60,1.0172247906474701e+30,520932237
193,1.4208077266725525e+29,4.887622445208085e+59,6.99115329914034e+29,798237060
194,1.3019521827841698e+30,4.2292439733711996e+61,6.503263775498576e+30,873081227
195,2.3552153476426476e+29,1.482122818662504e+60,1.2174246665245878e+30,879484476
196,2.989697407771696e+29,2.3344593139947856e+60,1.527893750885442e+30,869105209
197,5.778283102617531e+29,8.582902859344919e+60,2.929659171191236e+30,905735790
198,4.7370881221501224e+30,5.709682504679262e+62,2.3894941943179653e+31,907654732
199,5.458996762639495e+30,7.468102214082855e+62,2.732782869911705e+31,890182050
200,7.935300689473829e+30,1.6156142041928393e+63,4.019470368335658e+31,934956921
201,1.834027414359132e+31,8.728212146239894e+63,9.342490110372018e+31,775403385
202,1.0492121365755332e+31,2.8610304861407788e+63,5.348860145994452e+31,911804020
203,3.455727681006868e+31,3.0987294507967684e+64,1.7603208374602535e+32,956288505
204,1.420147754528382e+31,5.397715485657889e+63,7.346914648788217e+31,940509055
205,2.227837906032171e+31,1.311620247813709e+64,1.1452599040452385e+32,613457244
206,6.595784048979465e+29,1.6205094188085028e+61,4.025555140360771e+30,929360459
207,9.887067611706374e+32,2.606087348469626e+67,5.104985160085802e+33,925105826
208,3.9212752321606996e+32,3.999348261499174e+66,1.9998370587373296e+33,1007179892
209,4.350777045340057e+32,5.057586789576482e+66,2.2489079104259653e+33,1030683013
210,2.502807653765375e+32,1.6829502366410894e+66,1.2972857189690672e+33,993867950
211,1.3181875625940779e+31,4.976108074599477e+63,7.054153439357183e+31,994883954
212,3.845091720348204e+32,4.02867317887995e+66,2.0071554944448e+33,1011727047
213,1.2034022943335113e+33,3.9443590814893165e+67,6.280413267842584e+33,1008933830
214,3.052894585307892e+32,2.5457559262403904e+66,1.5955425178416244e+33,975595121
215,2.8694209887249115e+33,2.2945580191393197e+68,1.5147798583092263e+34,1002576346
216,9.058520243921044e+32,2.274621600158173e+67,4.7692993197724263e+33,1029777717
217,9.492043171674948e+32,2.4896912460946285e+67,4.9896805970869804e+33,1050734494
218,1.908189115793687e+33,1.0001688313854444e+68,1.0000844121300184e+34,1066779799
220,1.1590667376862009e+33,3.850332626090593e+67,6.205104854948538e+33,754652023
219,4.257658334303433e+33,4.692118016895909e+68,2.1661297322404095e+34,1010689428
221,3.366042961224744e+33,3.165818272636943e+68,1.7792746478936138e+34,1078573854
222,4.9165545135722324e+33,6.861412893726601e+68,2.6194298795208475e+34,1157868195
223,3.46021332127139e+33,3.4196680652618733e+68,1.849234453838094e+34,1196825176
224,6.433432479613753e+34,1.1979192937574965e+71,3.461097071388632e+35,1184167081
225,2.7038274213508394e+34,2.0846006919680042e+70,1.4438146321353044e+35,1179882006
226,4.095077813257401e+35,4.843661546253406e+72,2.2008320122747683e+36,1091182045
228,4.2819447176672155e+34,5.2410816596278126e+70,2.2893408788618207e+35,1080836266
227,1.5444544700766743e+34,6.969737192815905e+69,8.348495189443368e+34,1127176977
229,7.522954778118743e+34,1.64702130594546e+71,4.058351027135849e+35,1011987166
230,7.502666809740148e+34,1.653015617946876e+71,4.065729476916628e+35,1036595387
231,7.266340630496092e+34,1.5605624467359077e+71,3.950395482399082e+35,1028382217
232,1.9583340476451196e+35,1.1288022447931996e+72,1.0624510552459345e+36,1131494388
233,1.3634003023638911e+35,5.527586203976958e+71,7.43477383918096e+35,1053765751
234,1.4438383312090232e+35,6.285809312844383e+71,7.928309600945453e+35,1095410515
235,1.350149707950811e+34,5.6642444354171456e+69,7.526117482086727e+34,1069802189
236,6.941884227983125e+33,1.7659041355906614e+69,4.202266216686732e+34,1141175050
237,1.7770492049476973e+36,9.668954268164633e+73,9.83308408799835e+36,1014714721
238,7.523945510775714e+34,1.6043437877902593e+71,4.005426054479422e+35,1116238307
239,8.562268104204694e+35,2.238072510663985e+73,4.7308271059762745e+36,1028204407
240,1.4997011605173302e+35,5.489219568186749e+71,7.408926756411315e+35,1132156447
241,3.542061549718049e+36,3.859630303937783e+74,1.9645941830153582e+37,1125802171
243,6.927379901978419e+35,1.467183855535482e+73,3.8303836042039993e+36,775629073
242,5.84173714136772e+36,1.0608829569855037e+75,3.2571198273712677e+37,1167925182
244,1.1508200387292771e+36,4.0381737187577734e+73,6.354662633655522e+36,1179714095
245,8.949718143825687e+35,2.600051476913035e+73,5.099069990609106e+36,1139758582
246,1.4192199187397098e+37,6.361402220712835e+75,7.975839906061828e+37,1144350159
247,8.329059402779033e+36,2.1309215692140216e+75,4.616190603965592e+37,1150776432
249,4.4646025343027283e+36,6.300913685891615e+74,2.510162083589746e+37,1182366929
248,5.220492410164926e+36,8.611812259849414e+74,2.9345889422284366e+37,1347483345
250,1.883137481580968e+37,1.1328589270913618e+76,1.064358457988361e+38,1162664575
251,4.547832027905536e+37,6.580490164606537e+76,2.5652466089260377e+38,1372896617
252,1.8141195900912263e+37,1.0523840948413322e+76,1.0258577361609806e+38,1239853848
253,4.422543682083419e+37,6.26077857660845e+76,2.502154786700545e+38,1191959170
254,8.139342380326022e+37,2.180404601127839e+77,4.669480272072941e+38,1123772819
255,3.6738449413520846e+37,4.428418261851214e+76,2.104380731201275e+38,1160818323
256,4.086433450498074e+38,5.442420291232973e+78,2.332899545894116e+39,1159788345
257,2.6599772604637e+38,2.3128080727243757e+78,1.5207919228889848e+39,1130884755
258,3.4830208386729095e+38,3.972181139834716e+78,1.9930331507114265e+39,1176839201
259,8.901087982625217e+39,2.5873360726175487e+81,5.086586352965561e+40,1190787850
260,1.3540862235381361e+38,6.072752286061411e+77,7.792786591496915e+38,1284821872
261,1.0218032505035551e+39,3.4467497630338876e+79,5.87090262483878e+39,1353669262
262,1.722451577270829e+39,9.887473871035533e+79,9.943577762071121e+39,1155001599
263,2.638422961407702e+38,2.317062749838798e+78,1.522190116194031e+39,1307685245
264,3.464527851089986e+39,4.0523051014513765e+80,2.013033805342418e+40,1464882450
266,9.791416537064497e+39,3.2396014738637923e+81,5.691749708010528e+40,1315824035
265,1.5853497546888816e+39,8.508113516699562e+79,9.223943579998505e+39,1427340342
267,3.569934402699979e+39,4.295846304251018e+80,2.0726423483686272e+40,1311251430
269,2.392749458644772e+39,1.9642555012923747e+80,1.4015189978349829e+40,818416377
268,7.37804777390738e+38,1.8981053462157935e+79,4.356725084528278e+39,932802944
270,3.634759660358916e+39,4.468826383539504e+80,2.113959882197272e+40,1319904064
271,7.627349739782139e+39,2.0041567542376356e+81,4.476780935267702e+40,1422897522
273,2.6703787337582578e+38,3.382518958168699e+78,1.8391625698041756e+39,1306460113
272,2.74003454762726e+39,2.580180991929126e+80,1.6062941797594628e+40,1475750929
274,1.0489231289228215e+40,3.8104837343474e+81,6.172911577487077e+40,1520313037
275,5.955202076248821e+40,1.2426515129745446e+83,3.525126257277241e+41,1201895929
277,6.4257838477741654e+41,1.4469082971151548e+85,3.803824781867791e+42,1292031379
276,1.0705504843942695e+41,3.9699074207090255e+83,6.300720134007719e+41,1432653849
278,5.939588767046639e+39,1.2891833302289116e+81,3.5905199208873797e+40,1335957803
279,2.4360515183457615e+41,2.0912169139918438e+84,1.446104046737939e+42,1391426269
280,3.0108294886114926e+39,2.7021945101620347e+80,1.6438353050601007e+40,1358045953
281,1.1296746629817161e+41,4.454282319189867e+83,6.674040994172771e+41,1370226653
282,3.75392665498092e+41,5.051030380069359e+84,2.2474497502879478e+42,1478287660
283,3.868835371036227e+41,5.397211618644506e+84,2.3231899661122217e+42,1321648593
284,1.0688389678029454e+42,4.1055193537620585e+85,6.407432679132929e+42,1358981451
285,6.952166971635854e+40,1.75618754113499e+83,4.1906891332273626e+41,1394056065
287,1.3416980947254572e+42,6.53781798661719e+85,8.085677452518861e+42,827454368
286,7.165543920083723e+42,1.8721517979760882e+87,4.326836948598928e+43,1361048297
288,9.012466804745168e+41,2.964232274658313e+85,5.444476351916971e+42,1307736586
289,5.0849151665844304e+41,9.487633175796732e+84,3.080200184370609e+42,1377087149
290,2.7107871547506944e+42,2.716656321667921e+86,1.6482282371285603e+43,1385048666
291,8.60392668062981e+42,2.7159202721594272e+87,5.211449195914153e+43,1376428973
292,2.9923141449173135e+42,3.322373734219739e+86,1.8227379773899864e+43,1215437958
293,3.702088092269852e+41,5.026087985097107e+84,2.2418938389444554e+42,1279843269
294,8.056765030801844e+41,2.6750683065259726e+85,5.172106250383854e+42,1309325171
295,3.654150319129597e+40,2.824304279226844e+82,1.6805666542053141e+41,1384089760
296,1.33060605286935e+42,6.115444005681176e+85,7.820130437327229e+42,1391142513
297,2.1906444654531855e+43,1.8179754205399662e+88,1.3483231884603804e+44,1467872939
298,4.1107105062603325e+43,6.370372860590034e+88,2.5239597581162095e+44,1326724465
299,9.185257464629422e+43,3.187187563873013e+89,5.645518190452505e+44,1523700094
300,5.736013208081641e+43,1.2464851461370909e+89,3.5305596527138456e+44,1237054570
301,6.710718836183108e+44,1.6929739035659595e+91,4.114576410234667e+45,1605964903
302,2.2845774192437096e+43,2.0219486189567572e+88,1.4219523968673344e+44,1520801563
304,1.1920413140057131e+42,4.436999300630616e+85,6.661080468385453e+42,966369908
303,9.581007464494857e+43,3.521962711489363e+89,5.934612633937756e+44,1392912177
305,2.5327972135442988e+44,2.5028110544432397e+90,1.582027513807279e+45,1273887400
306,2.715978104839174e+44,2.877357107980158e+90,1.6962774265962976e+45,1342416776
307,1.9874504058443413e+44,1.5631195268442579e+90,1.2502477861785071e+45,1373959690
308,7.804170165056305e+47,2.384533267976813e+97,4.883168303444817e+48,1340761273
309,8.719529205463934e+44,2.9627279862869295e+91,5.4430946953795775e+45,1432843111
310,5.030183542855043e+44,1.0047440678441747e+91,3.1697698147407716e+45,1346241406
311,3.26842442978932e+44,4.355998924806524e+90,2.0871029981307878e+45,1343597532
312,3.98419351567824e+44,6.829599387453489e+90,2.6133502228850785e+45,1378239614
313,5.3374100109180007e+45,1.131536289754771e+93,3.3638315798428e+46,1378270088
314,2.6666367527809718e+44,2.4281036261049866e+90,1.5582373458831575e+45,1364035736
315,7.129485259904864e+44,2.0096992285614585e+91,4.482966906593733e+45,1536982154
316,3.7486295659598157e+46,5.617634382049896e+94,2.370154927858071e+47,1476149440
317,3.554444536668573e+46,5.069519332945749e+94,2.251559311443016e+47,1448622057
318,2.023725828475453e+45,1.6382538904014227e+92,1.2799429246655582e+46,1458828418
319,4.428485204227515e+44,7.562217196337385e+90,2.749948580671534e+45,1368960785
320,8.51949821467242e+44,3.3459793638334646e+91,5.784444107979144e+45,1378831041
321,3.444831453590418e+46,4.840127412588913e+94,2.2000289572159985e+47,1382900331
322,1.737540458729065e+46,1.2327017688450702e+94,1.1102710339575064e+47,1511408707
323,4.918955988475643e+46,9.860290376931004e+94,3.1401099307080005e+47,1475011239
324,2.2107200331079953e+47,1.9986621747276895e+96,1.4137404905878906e+48,1549690549
325,3.77000749898291e+46,5.847446876535961e+94,2.41814947357188e+47,1424125842
327,1.1602532474266649e+47,5.557209525196094e+95,7.454669358996477e+47,1451687108
326,2.9293926153531785e+46,3.584773916885565e+94,1.893349919292671e+47,1569263315
328,9.782812621497949e+46,3.981968797427791e+95,6.310284302175134e+47,1432612962
329,4.035208753279882e+47,6.768902818621647e+96,2.60171151717896e+48,1481593457
330,1.878344965227866e+47,1.4755278221672964e+96,1.2147130616599528e+48,1375150577
332,3.4358027016603785e+47,4.962824617532885e+96,2.2277398002309167e+48,1250610168
331,2.1918454720870044e+47,2.0262622221564902e+96,1.423468377645422e+48,1550251580
333,1.6994052815932407e+47,1.2174134510277178e+96,1.1033646047557071e+48,1642999576
334,1.6820448048976264e+47,1.1985752029370519e+96,1.0947945939476737e+48,1616355137
335,1.6170101705452484e+48,1.1056031510562252e+98,1.0514766526443777e+49,1506591380
336,6.030720976172496e+48,1.5435157428424707e+99,3.928760291545503e+49,1516805384
337,1.4599407968561836e+48,9.039845945312409e+97,9.507810444740897e+48,1525988790
338,2.0017688686868604e+48,1.7286082047251372e+98,1.3147654561651432e+49,1612362856
339,1.385250875233611e+49,8.220177006732617e+99,9.066519181434855e+49,1628300600
340,2.9499019010797436e+49,3.660945719789236e+100,1.9133597988327327e+50,1648544163
341,4.373544591881652e+48,8.358417549505172e+98,2.8910927950353257e+49,1632246159
342,1.1778459812898352e+49,6.010004348576065e+99,7.752421781982753e+49,1550634882
343,1.7196272691988683e+48,1.2445051516104851e+98,1.11557391131672e+49,1540726353
344,1.5319512670734717e+50,1.0257535985271517e+102,1.0127949439680036e+51,1507585614
345,4.3002788242904666e+48,7.98168235657549e+98,2.8251871365584777e+49,1329681195
348,5.226190033143579e+50,1.206507046397493e+103,3.473481029741624e+51,1525648854
347,2.652955777317262e+49,3.079955409198716e+100,1.7549801734488957e+50,1639668161
346,8.275931072394462e+49,3.0042069452008963e+101,5.481064627607392e+50,1690840749
349,1.789488052444478e+51,1.424275036922622e+104,1.1934299463825358e+52,1740677325
350,3.6536496829769604e+50,5.916190696512816e+102,2.432322079107291e+51,1681027602
352,4.722418182407519e+49,9.820143525070298e+100,3.1337108234599917e+50,1678740675
351,4.661417742918031e+50,9.561904396560609e+102,3.092232914345329e+51,1709223672
353,3.9783232306466063e+49,6.898439508332697e+100,2.6264880560041954e+50,1694059177
354,8.568515214017912e+49,3.460729948151371e+101,5.882796909762712e+50,1341932539
356,1.173420201564834e+51,6.178903175738484e+103,7.860599961668628e+51,1647873525
355,9.801849818968087e+50,4.3075238416934584e+103,6.563172892506687e+51,1775260870
357,3.328736126852267e+50,5.099564698767804e+102,2.258221578757896e+51,1709741399
358,9.340130785411036e+50,3.9699252645031045e+103,6.30073429411454e+51,1716186776
359,6.900818836939754e+50,2.141781038031621e+103,4.627938026844807e+51,1741365477
360,1.566973483351327e+52,1.110343894133581e+106,1.053728567579707e+53,1794701638
361,5.134911363906921e+50,1.2051383118247346e+103,3.471510207135699e+51,1733855379
362,3.6723377073310195e+51,6.175374413253644e+104,2.4850300628470563e+52,1639224780
363,1.1314622675478162e+52,5.85705656285124e+105,7.653140899559631e+52,1817572846
364,4.007209261255755e+51,7.352495885752838e+104,2.7115486139386915e+52,1854642123
365,4.6554041293073465e+51,9.948030371627899e+104,3.1540498365796153e+52,1826558027
366,2.1777317292008158e+52,2.3147852776804796e+106,1.5214418417016406e+53,1816504605
367,1.5222051094692254e+53,1.0680565381213748e+108,1.0334682085683017e+54,1938295868
368,4.564526962448416e+52,9.34319728708776e+106,3.056664405375206e+53,1843311132
369,2.087344933215446e+50,3.0455844077064946e+102,1.74516028138005e+51,1943918714
370,4.469714341595085e+51,8.690566837238621e+104,2.9479767362105525e+52,1956319636
371,5.033994396767466e+52,1.1862886006345265e+107,3.4442540565912477e+53,1833948383
372,1.424091190933978e+52,9.410505363783538e+105,9.700775929678788e+52,1927530503
373,9.074537257526817e+52,3.917201140241268e+107,6.258754780498488e+53,2085628237
374,6.646487675234486e+52,2.060598674279603e+107,4.539381757772311e+53,2026714957
375,1.4312036382607687e+53,9.644342356156888e+107,9.820561265099307e+53,1947833589
376,6.832008891644745e+52,2.144081646512881e+107,4.6304229250824175e+53,1899968488
377,3.933186928364037e+53,7.339664431972638e+108,2.709181505911451e+54,1908711654
378,3.324140758969898e+53,5.275274256957498e+108,2.296796520581982e+54,2000528549
379,5.849708897508383e+53,1.6402523968813005e+109,4.050002959111635e+54,1982857045
380,6.90794381725026e+53,2.283802392048041e+109,4.7789145127822083e+54,1869292246
381,1.1774127994442922e+53,7.008800877488896e+107,8.3718581435001e+53,1991377823
382,4.557298576681704e+54,1.0014596534048392e+111,3.164584733270448e+55,1920429789
383,1.8738662466104706e+54,1.687707504256811e+110,1.2991179716472292e+55,1655536129
384,4.98359650796386e+54,1.2048116696544152e+111,3.4710397140545877e+55,2016882034
385,2.5804041023905327e+54,3.1845491008231635e+110,1.78453049870916e+55,2004287055
386,4.382842840139943e+53,9.413308172206582e+108,3.0681114993113567e+54,2032424912
387,9.567814576711859e+53,4.405527050790926e+109,6.637414444488852e+54,2079599193
388,5.283637511028433e+54,1.36458440042247e+111,3.694028154227401e+55,2039929304
389,7.108509174985279e+54,2.481806363339742e+111,4.981773141502674e+55,1965882928
390,1.9813420469108045e+54,1.9105582170570872e+110,1.38222943719814e+55,1960051627
391,6.708184185867547e+54,2.2173881359713394e+111,4.7089150937040047e+55,2080813582
392,1.9028332880505065e+55,1.7938765695135428e+112,1.339356774542744e+56,2078777654
393,6.090606506488672e+55,1.8335860460745884e+113,4.282039287622882e+56,1801015853
394,1.1621454117237017e+56,6.703794272962171e+113,8.187670164926145e+56,2251952699
395,4.255109988271538e+55,8.974798074348762e+112,2.995796734484628e+56,2228458614
396,8.102125126235391e+55,3.276099516624222e+113,5.72372214264828e+56,2430664071
397,5.31855296310376e+55,1.4422122812075206e+113,3.7976470099359166e+56,2088741282
398,1.367570858115365e+55,1.0892598937226775e+112,1.0436761440804697e+56,2072019759
399,8.978545948558756e+55,4.047952982663887e+113,6.362352538695012e+56,2109003246
400,8.348849393846729e+55,3.51265388755615e+113,5.92676462123826e+56,1919553226
401,1.3356930870723675e+57,9.088844820332752e+115,9.533543318374734e+57,2165824636
402,1.0075119383804115e+57,5.1357306873195215e+115,7.1664012498042e+57,2259313911
403,1.007946062467177e+57,5.167764514894237e+115,7.188716516106499e+57,2392995033
404,4.542340001463647e+56,1.0487832447734565e+115,3.2384923108963165e+57,2448776835
405,6.002537489443131e+57,1.842268256349565e+117,4.29216525351665e+58,2534582406
406,1.9037459972474957e+57,1.8546865300847323e+116,1.361868763899346e+58,2558372932
408,1.284565134060521e+57,8.478069644953678e+115,9.207643371109503e+57,1898473226
407,4.2262624039336504e+55,9.310884189850944e+112,3.0513741477981597e+56,2422212239
409,2.1084799543563782e+58,2.2857462333342425e+118,1.511868457682163e+59,2312773364
410,3.3911961788420105e+57,5.951312801211961e+116,2.439531266701036e+58,2192849968
411,4.220424674411366e+58,9.231961800455881e+118,3.03841435628123e+59,2294808221
412,1.3362420927615107e+58,9.250574508789134e+117,9.617990699095698e+58,2309215497
413,1.4062105863283356e+57,1.058736716685373e+116,1.0289493265877446e+58,2287557900
414,3.6032220702072356e+58,6.81562517684213e+118,2.6106752338891426e+59,2377349849
415,8.127513646219517e+57,3.4546116845614166e+117,5.877594477812685e+58,2203710061
416,9.192973705456537e+57,4.4139582199795975e+117,6.643762653782567e+58,2298704130
417,1.2435041240756323e+59,8.101284317646348e+119,9.000713481522645e+59,2402161776
418,4.5279625741961175e+59,1.0742388863331528e+121,3.2775583691723215e+60,2521397497
420,7.874416617230742e+57,3.421407977134312e+117,5.849280278063544e+58,2153045704
419,6.062059708502784e+58,1.9338533812374075e+119,4.397559983942695e+59,2626920493
421,7.361881663591633e+58,2.8657898649293567e+119,5.353307262738948e+59,2438530424
422,1.8578212066280216e+58,1.8327146555073015e+118,1.3537779195670542e+59,2478946894
423,1.9602889071906865e+61,2.058300865492037e+124,1.4346779657790931e+62,2494106634
424,9.670599793446649e+59,4.986132467067597e+121,7.061255176714403e+60,2224204471
425,7.951271784259183e+59,3.372625698296659e+121,5.8074311862446195e+60,2489512101
428,2.7890568716996185e+59,4.1785633031168373e+120,2.0441534441222452e+60,2341977779
427,3.7054237348516306e+59,7.387347991685018e+120,2.7179676215299214e+60,2497211308
426,1.7930852260589317e+59,1.7124999252125924e+120,1.30862520425544e+60,2636338085
429,5.171572120321786e+58,1.3709527224736588e+119,3.7026378738321937e+59,2572224707
430,1.4556430547171292e+60,1.1486202532601506e+122,1.0717370261683369e+61,2293595181
432,7.273362714255876e+59,2.899167006471513e+121,5.384391336512896e+60,2388218535
431,2.8127893800537835e+60,4.254073692325456e+122,2.0625405916794597e+61,2641919006
433,5.024848119738249e+59,1.4246352561101846e+121,3.7744340716327056e+60,2637580803
434,4.7917892584384235e+61,1.253594460399417e+125,3.5406135914547594e+62,2452112754
435,5.579033236947745e+61,1.7050573278612635e+125,4.129233982061641e+62,2523951498
436,3.499827725886545e+60,6.676593383254467e+122,2.5839104828252984e+61,2632252644
437,5.609798703956825e+61,1.7317963749440436e+125,4.161485762253721e+62,2422833414
438,6.093600195550143e+62,2.0512220376219312e+127,4.5290418828069266e+63,2536016456
439,2.3294743156018127e+59,2.59612744363998e+120,1.61125027343364e+60,2288183667
440,1.1336660210162235e+62,7.138461502058156e+125,8.448941650915904e+62,2728916856
441,1.5919985874779473e+62,1.412874114072823e+126,1.1886438129535791e+63,2745889446
442,5.80629356600836e+59,1.585290812358833e+121,3.981571062230125e+60,2515765123
443,6.369413319176747e+61,2.2787521712457796e+125,4.773627730820429e+62,2552412681
444,1.153083893987485e+62,7.437659147261239e+125,8.624186423809053e+62,2574718298
445,1.8706651414892264e+61,2.0188383077146914e+124,1.4208582996606985e+62,2603515789
446,4.1291785297638425e+61,9.60964829299128e+124,3.099943272544077e+62,2570210577
447,8.887571214699889e+61,4.472081280732156e+125,6.6873621710897015e+62,2561281781
448,1.867772344958668e+63,1.9483085309054925e+128,1.3958182298943843e+64,2753453442
450,1.4573243894654524e+63,1.2047152639184614e+128,1.0975952186113338e+64,2246806155
449,4.872270290513798e+62,1.3406139659704544e+127,3.661439561115893e+63,2699719465
451,4.1761908637078066e+63,9.894009657222606e+128,3.145474472511676e+64,2703230229
452,1.6396740179472137e+62,1.5527210344431152e+126,1.2460822743475308e+63,2389547878
453,1.0493846924308018e+63,6.286542203660839e+127,7.928771786134873e+63,2309598794
454,7.09996390334518e+61,2.6903168148762722e+125,5.186826404340396e+62,2877183781
455,4.7261130810166735e+63,1.267663201113665e+129,3.560425818794242e+64,2608472379
456,4.395956413723383e+63,1.1080931048026637e+129,3.328803245616454e+64,2703981424
457,1.3315093926348132e+64,1.018286458893223e+130,1.0091018079922477e+65,2802986823
458,4.111267294645682e+63,9.746517004384059e+128,3.12194122372348e+64,2831815540
459,1.8013547741954144e+64,1.8723918842165355e+130,1.368353713122647e+65,2850399525
460,5.27518091734462e+63,1.600249754210475e+129,4.0003121805810044e+64,2700705289
461,6.973152201944539e+65,2.8180170560942187e+133,5.3084998409100655e+66,2510875923
463,1.3061571205863402e+64,9.878025263503586e+129,9.938825515876404e+64,2812764841
462,1.0308703915132168e+65,6.168639208716558e+131,7.854068505377679e+65,2925023464
464,4.3464788864382317e+64,1.1092000923870084e+131,3.330465571638609e+65,3027098657
465,2.9791418315782404e+64,5.149828926454675e+130,2.2693234512635423e+65,3121113836
467,1.2622521746063463e+64,9.38220397942972e+129,9.686177770116404e+64,2752448987
466,7.148674801487341e+64,3.0043379141159806e+131,5.481184100279775e+65,2867797252
468,7.507377148176007e+64,3.3387287595931237e+131,5.778173378839652e+65,2779547087
469,2.4399497262204846e+64,3.6120415739152854e+130,1.9005371803559345e+65,2776297358
470,3.5227695676224995e+64,7.314643951121876e+130,2.704559844248575e+65,2808543982
471,1.7940588795232178e+65,1.897235275881144e+132,1.3774016392763383e+66,2779442003
472,1.213183964125095e+66,8.703642199293786e+133,9.329331272547773e+66,2889414981
473,6.960671850841525e+65,2.869671962375243e+133,5.3569319226356076e+66,2694611492
475,4.962609149437848e+65,1.4639686576346592e+133,3.826184336430564e+66,2812572737
474,2.030411714713903e+66,2.4439474892976577e+134,1.5633129850729374e+67,2895790107
476,2.470518616424836e+65,3.6406885043750665e+132,1.9080588314763952e+66,2501350684
477,1.9059257151265657e+66,2.180162378198583e+134,1.4765372931960043e+67,2927598666
479,2.967345057824952e+66,5.274080741088433e+134,2.2965366840284597e+67,2668917451
478,3.1215167830075026e+66,5.874009940917752e+134,2.4236356865085463e+67,2883179925
480,9.314844656203086e+65,5.252844988249416e+133,7.247651335604808e+66,2765795450
481,1.193804331016645e+67,8.604313153816391e+135,9.275943700678864e+67,2873794927
482,7.185446506345282e+66,3.146466382561177e+135,5.609337200205722e+67,2920963171
483,5.966012593459216e+66,2.14965357244939e+135,4.636435670263732e+67,2866354504
484,3.1558426524106572e+66,6.526604536389538e+134,2.55472200765358e+67,2943220449
485,6.421932633422917e+66,2.516958887922201e+135,5.016930224671458e+67,3014074950
487,3.950630915361338e+67,9.569214042923855e+136,3.093414625122836e+68,2243738937
486,1.799436203519056e+67,1.9816890098131216e+136,1.4077247635149144e+68,2861333660
488,5.222465812228974e+67,1.6742158449675644e+137,4.09171827594174e+68,3054910068
489,2.4931370317581187e+68,3.8135905448056836e+138,1.9528416589180198e+69,3008977839
490,1.4859201624373763e+67,1.3536270421185752e+136,1.1634547873117266e+68,3030061059
491,5.946844703466735e+67,2.1709864085082462e+137,4.659384517839503e+68,2953786957
492,3.2990492817339734e+67,6.692200698126554e+136,2.5869288158212926e+68,2688900318
493,2.4094403029634294e+68,3.592376705968631e+138,1.895356617095746e+69,2711652491
494,9.032829485413437e+68,5.064896435708301e+139,7.116808579488633e+69,3018654329
495,1.0686346446470669e+68,7.023743433473261e+137,8.380777668852254e+68,3090143412
496,3.2005931586567824e+68,6.493805706136335e+138,2.5482946662692552e+69,3033726339
497,3.2421886551902404e+68,6.565926106577033e+138,2.5624063117657655e+69,2960194984
498,2.5446974624022072e+69,4.060985889934621e+140,2.0151887975905932e+70,3222926632
499,4.61635361390523e+69,1.3397999087016815e+141,3.660327729454948e+70,3106687044
500,2.3336224473914607e+68,3.4074043985316996e+138,1.8459155989729595e+69,3250799536
501,1.3696361469961945e+68,1.1552037432863594e+138,1.0748040487858052e+69,3262002093
502,1.043912173295635e+70,6.954823177192836e+141,8.339558248008606e+70,3030826951
503,3.737094745906622e+68,8.695692825885373e+138,2.948846015967157e+69,3124407925
504,7.936960429049337e+68,3.9561597768761187e+139,6.289801091351076e+69,3451917771
505,4.160755592827838e+69,1.1011422091652013e+141,3.31834628868839e+70,3195408504
506,4.489341169428748e+69,1.241097865548627e+141,3.522921891766304e+70,2788057083
507,1.127369488832477e+70,8.079661971469167e+141,8.988693993828673e+70,3317716888
508,4.401175057409875e+68,1.1916801190977017e+139,3.452072014164394e+69,3401681786
509,1.3789439378553613e+70,1.2151442431593471e+142,1.1023358123363982e+71,2950384167
510,2.2956984299277116e+70,3.3676949193266145e+142,1.835128038946224e+71,3020379841
511,5.77241756311366e+70,2.129219134323812e+143,4.614346253071839e+71,3183913981
512,1.271324476776335e+71,1.0463402165124168e+144,1.022907726294223e+72,3396399786
513,1.1045572011865388e+70,7.896209858893212e+141,8.88606204057411e+70,3235539796
514,2.1298371026207148e+70,2.9071001812684543e+142,1.7050220471502573e+71,3262971837
515,2.90520581960323e+70,5.457757003098592e+142,2.3361842827779217e+71,3080091063
516,1.6448702354790003e+71,1.7545103834723072e+144,1.3245793232088093e+72,3385975069
517,3.507417704935285e+70,8.017162368671168e+142,2.8314594061492687e+71,3289392187
518,1.50720831085041e+71,1.4789535474234246e+144,1.2161223406481045e+72,3381266306
519,1.7217331853755313e+71,1.958616040906705e+144,1.3995056416130322e+72,3294917551
520,4.1465361576846474e+70,1.1659512330809695e+143,3.4146028071811946e+71,3269958760
521,3.1029984348286913e+70,6.360476532823941e+142,2.521998519591941e+71,3333300156
522,2.424293770647454e+70,4.4835229215332884e+142,2.1174330972980676e+71,3361671436
523,4.774521005092459e+71,1.709845237807567e+145,4.135027494234551e+72,3360924780
524,3.2975480656597133e+71,7.159685160196289e+144,2.675758800825719e+72,3388657719
525,2.6641038225611624e+72,4.682380674372371e+146,2.1638809288804157e+73,3497079967
526,1.2517862046379001e+73,1.037262477622279e+148,1.0184608375496228e+74,3405305125
527,2.055591722789817e+73,2.793106255878423e+148,1.6712588835600614e+74,3476000578
528,7.937391325190119e+72,4.179478989951064e+147,6.464889009063546e+73,3514429210
529,4.851936238383531e+72,1.5638701664998177e+147,3.954579834192019e+73,3369501849
530,3.7261937710484905e+73,9.223497903950741e+148,3.0370212221765495e+74,3375506631
531,9.579048307684192e+72,6.2199403746674856e+147,7.886659859958134e+73,3576378128
532,2.7318130897696634e+72,4.923930553919889e+146,2.218993139673913e+73,3361706536
533,3.8683290841257984e+73,1.017686782890966e+149,3.1901203470887523e+74,3471796635
534,5.041987780710259e+72,1.705030292155897e+147,4.129201244981766e+73,3569727868
535,3.5924537810303955e+73,8.665181448081767e+148,2.943668026133682e+74,3583251886
536,3.0254787816991097e+73,6.18934351955336e+148,2.48783912654202e+74,3723192679
537,1.1072223046063525e+74,8.27741375919016e+149,9.098029324634078e+74,3693408373
538,6.886121590789459e+73,3.2085591097937524e+149,5.664414453227935e+74,3819442074
539,6.053924183167336e+74,2.481549949478449e+151,4.981515782850084e+75,3748501621
540,2.8227955643724824e+74,5.404348291875559e+150,2.3247254228995643e+75,3916507514
541,1.0119352325404982e+74,6.988567758616249e+149,8.359765402579339e+74,3657704866
542,6.496024208889836e+73,2.8992059690539464e+149,5.384427517437621e+74,3778155604
543,1.7657720687423915e+74,2.1297971398588955e+150,1.459382451538628e+75,3616999065
544,1.852565076084028e+74,2.352023554934373e+150,1.5336308405005335e+75,3855014580
545,9.3420241742003e+74,5.991319213215406e+151,7.740361240417275e+75,3889828836
546,1.3756280170568426e+75,1.3035488278368968e+152,1.1417306284044835e+76,3833105447
547,3.29535049360116e+74,7.507981485272685e+150,2.7400696132165484e+75,3752047610
548,1.7041383146137071e+75,2.0043953045680283e+152,1.4157666843685891e+76,3985159726
549,1.5634520717015028e+75,1.6865962998384442e+152,1.2986902247412368e+76,3726287113
550,3.2231407611620924e+75,7.186017144242675e+152,2.6806747554007136e+76,3836788807
551,1.2532013492715848e+75,1.0815258720702412e+152,1.0399643609615865e+76,3722329530
552,3.291304953873559e+76,7.509846441076126e+154,2.740409903842147e+77,3384757684
553,1.9258737854288594e+75,2.5608715470029687e+152,1.6002723352613982e+76,4113683056
554,3.727845280001322e+75,9.634150265230724e+152,3.103892759943669e+76,4146793228
555,1.302885662808744e+75,1.166320305312873e+152,1.079963103681266e+76,3474164686
556,1.2454477075645421e+76,1.0855498010575088e+154,1.0418972123283126e+77,3969573138
557,1.4490407642137887e+75,1.4760416488105771e+152,1.2149245444926106e+76,4189491145
558,9.400338273876277e+76,6.209737766408333e+155,7.880188935811331e+77,3991605713
559,6.472296513229536e+76,2.9345853347458572e+155,5.417181310188775e+77,4298021824
560,6.444064119430121e+76,2.915922227148396e+155,5.399927987620201e+77,3673161046
561,4.481843031866846e+75,1.4065472193147656e+153,3.750396271482209e+76,4036780877
562,3.9911871975686744e+76,1.1240354929777066e+155,3.3526638557685836e+77,4003196297
563,1.7337131069329025e+78,2.1161688954839465e+158,1.4547057762599097e+79,3670765672
564,5.5882892840349476e+75,2.238076848019101e+153,4.730831690114436e+76,4015676369
565,3.650420663761689e+77,9.77594103153237e+156,3.1266501293768657e+78,4198363582
567,1.1342402698781897e+77,9.163001425120909e+155,9.572356776218127e+77,4040404908
566,1.1408478593383566e+76,9.098268453645792e+153,9.538484394098358e+76,4222012577
568,1.7293504150511326e+78,2.1348140067734073e+158,1.4611002726621494e+79,4081134590
569,4.010586015111871e+76,1.1410243476376345e+155,3.3779051905546943e+77,4138859830
571,2.5266846033402754e+77,4.569726582952002e+156,2.137691882136432e+78,3678022477
570,5.473867550738621e+77,2.1487742957063594e+157,4.635487348387826e+78,4091998096
572,2.568801564550404e+78,4.771346013061627e+158,2.1843410935706967e+79,4209236718
573,2.86134550296899e+77,6.084435885091961e+156,2.4666649316621747e+78,4186563701
574,3.4286507000865776e+78,8.472428649426803e+158,2.9107436591748856e+79,4126344925
575,1.1638120449013226e+78,9.626386568903923e+157,9.811415070673507e+78,4027780460
576,3.223013863264886e+78,7.4213098442096635e+158,2.7242081132339474e+79,4230842125
577,1.0816293869841312e+77,1.0343660283482401e+156,1.0170378696726292e+78,4175440412
578,2.7547382317481684e+78,5.481975158900707e+158,2.3413618171698085e+79,4143279359
579,1.6826768380873248e+79,2.056108043582374e+160,1.4339135411810483e+80,4046942219
580,2.009791830127073e+79,2.944509040979879e+160,1.7159571792384211e+80,3898351854
583,5.679739728511462e+79,2.3597372262944795e+161,4.857712657511228e+80,3558985592
581,2.0069570158440116e+79,2.948136322370576e+160,1.7170137804835976e+80,4296704866
582,5.81748907041026e+79,2.459439155447168e+161,4.959273288947855e+80,4386911544
584,3.0707236597575365e+79,6.962150544210186e+160,2.6385887410148227e+80,4489891053
585,4.5969402567447035e+79,1.5510620422667265e+161,3.938352501067834e+80,4275371420
586,5.755041797303674e+78,2.5859809045286716e+159,5.085254078734583e+79,3831836064
587,3.3755124743286377e+78,8.937499275590718e+158,2.989565064619052e+79,4437137075
588,1.4000354813314261e+80,1.4467587327679511e+162,1.2028128419533735e+81,4288506817
589,3.760969009845318e+80,1.0485516684894054e+163,3.2381347539739684e+81,4341929368
590,4.020239940510231e+79,1.204076530434447e+161,3.4699805913498233e+80,4384889345
591,2.3123764269503882e+81,3.9758329724948995e+164,1.9939490897449965e+82,4564040294
592,4.35659914741184e+80,1.4223698776497288e+163,3.7714319265362974e+81,4554638394
594,2.9715090559457544e+80,6.519408595908601e+162,2.5533132584758574e+81,4323964064
593,3.501509838433936e+80,9.17659576740352e+162,3.0292896473271616e+81,4682279144
595,3.7887903777188293e+81,1.0771617951682972e+165,3.2820143131441355e+82,4072726734
596,2.7072845640359975e+81,5.471959081579674e+164,2.3392218966099977e+82,4021589930
597,4.3374397105744654e+80,1.4086460997342446e+163,3.7531934399045365e+81,4762783265
598,1.276840042478152e+82,1.2206105823296123e+166,1.1048124647783498e+83,4546120422
599,1.3155239458723596e+82,1.309442078738306e+166,1.1443085592349233e+83,4624311256
600,2.384301904878389e+81,4.2854786406467815e+164,2.070139763553848e+82,4587824966
602,7.333018152488846e+81,4.041820829225559e+165,6.357531619445993e+82,4690858431
601,4.939220685621246e+82,1.842372861012476e+167,4.292287107140523e+83,4810880464
603,1.6513316172702994e+82,2.063474683715825e+166,1.4364799628661114e+83,4853593812
604,9.462498769316625e+81,6.7788929870353296e+165,8.233403298172227e+82,4966610960
605,1.0704457432016753e+82,8.732567357764481e+165,9.344820681941671e+82,4465037760
606,3.1849140858005835e+82,7.706153793138967e+166,2.7759960002022635e+83,4536604601
607,2.052112895096855e+84,3.210489910548108e+170,1.7917840022023047e+85,4593120895
608,2.1369773535183012e+81,3.4352469905553137e+164,1.8534419307211418e+82,4698132537
609,1.9291418820621807e+82,2.824596645721376e+166,1.6806536364526083e+83,4737306978
610,1.2235958077040118e+83,1.1498894029539636e+168,1.072328962097902e+84,4701392042
611,1.8999149841493843e+83,2.769191330364209e+168,1.6640887387288604e+84,4628086821
612,1.3756820230701031e+84,1.4506234893867918e+170,1.2044183199315725e+85,4546181003
613,4.1227239085131177e+83,1.3100846293577737e+169,3.61950912328975e+84,4611647167
614,4.322081813481699e+83,1.4415986032255843e+169,3.7968389526362377e+84,4694457759
615,5.954351487686084e+83,2.74042431020451e+169,5.234906217120332e+84,4814163050
616,5.918501729668436e+83,2.7117629252108637e+169,5.207459001481302e+84,4874755777
617,1.815863649251568e+85,2.5532620265247142e+172,1.597892995955835e+86,4748426586
618,1.6636413073341664e+85,2.1499956959320902e+172,1.4662863621858078e+86,4648449172
619,7.527272009923296e+83,4.413446613824681e+169,6.643377615208006e+84,4773719821
620,1.5978256419126325e+84,2.0012079784724406e+170,1.4146405827885897e+85,4773321282
621,2.670311980411236e+84,5.561709411463279e+170,2.358327672623819e+85,4710004367
622,7.682582573927008e+84,4.59266885471481e+171,6.776923236037731e+85,4851223269
623,7.811016800159426e+83,4.8315628398361026e+169,6.950944424922488e+84,4964143542
624,4.405482609238346e+87,1.5220532151684867e+177,3.901350042188584e+88,4394313750
625,2.163148020963814e+84,3.663349600590766e+170,1.913987878903826e+85,5325865695
626,4.841955228730452e+84,1.8447976800876132e+171,4.295110801932371e+85,5200527022
627,2.0596342720654748e+86,3.337592111429759e+174,1.8269078004731818e+87,5206163091
628,1.520089961636464e+84,1.810750899421795e+170,1.3456414453418841e+85,5220972679
629,3.631095268711553e+85,1.0418714007015868e+173,3.227803278859458e+86,5300414572
630,5.32896845689842e+85,2.2491877757232033e+173,4.742560253410813e+86,5184776876
631,4.981908257662331e+85,1.9640411186086514e+173,4.43175035241004e+86,4915953970
632,3.06605196552667e+85,7.466446400579187e+172,2.732479899391611e+86,5067686399
633,1.6401034850807805e+86,2.1087781090693506e+174,1.4521632515214502e+87,4987989754
634,4.158775862609007e+85,1.379921743890247e+173,3.714729793525024e+86,4980830040
635,8.713878942303933e+85,5.997406696702314e+173,7.744292541415461e+86,4793107558
636,2.1661927401384182e+86,3.7614702661225937e+174,1.939451021841643e+87,4894678582
638,9.079530054025098e+86,6.561503142913608e+175,8.10031057609127e+87,5028730915
637,1.2437944699885247e+86,1.2314018357775767e+174,1.1096854670480176e+87,5056307739
639,1.9470533188968572e+86,3.0567655728999665e+174,1.7483608245725384e+87,5026810349
640,1.2426541883069775e+85,1.2921944173400485e+172,1.1367472970454113e+86,5252353543
641,1.689500560908337e+86,2.271936690296724e+174,1.5072944935535072e+87,4891643330
642,2.1374039242847556e+87,3.7761416158331546e+176,1.9432296868443407e+88,5209823835
643,1.0440200044697078e+87,8.793795870478691e+175,9.37752412445774e+87,5232856425
644,5.427564619990362e+86,2.3890295255913764e+175,4.887769967573532e+87,5311097916
645,6.1367222089448546e+87,3.049520744834207e+177,5.522246594307617e+88,5447525454
646,5.832592368125508e+87,2.7475394333013616e+177,5.2416976575355445e+88,5134652159
647,1.0025982599936409e+88,8.166186484197628e+177,9.036695460287255e+88,5150028041
648,7.561223773058387e+87,4.631585439405262e+177,6.8055752434348e+88,5169545711
650,4.703533814015735e+87,1.7918605348146842e+177,4.2330373667316994e+88,5114663524
649,1.7389769704609996e+87,2.455461544685816e+176,1.5669912395051275e+88,5317858395
651,7.106708275871549e+86,4.078156087229243e+175,6.386044227242122e+87,5386663650
652,1.3213384742033919e+88,1.427983052529394e+178,1.1949824486281771e+89,5541547176
653,2.1873153947081577e+88,3.913753588224413e+178,1.978320901225181e+89,5177672174
654,1.2359007819403372e+89,1.2469003989585233e+180,1.1166469446331385e+90,5387163577
655,6.724996699128758e+88,3.7183256939255596e+179,6.097807551838251e+89,5163028854
656,4.7938718641851025e+88,1.888297050028914e+179,4.345454003932056e+89,5268142128
657,4.097538032815439e+89,1.3865229702978555e+181,3.7236043966805276e+90,5292792064
658,3.0725633444108615e+89,7.819534313854649e+180,2.7963430250694654e+90,5120892002
659,6.631985435370325e+91,3.626615472926624e+185,6.022138717205561e+92,5364140398
660,7.779868444937482e+89,5.0136946630095575e+181,7.08074477933611e+90,5732715675
661,2.9384939486547574e+88,7.109760285405557e+178,2.666413374817483e+89,5096095703
662,1.2424179687617688e+89,1.2956843026393099e+180,1.138281293283567e+90,5319818394
663,4.5417627499039334e+89,1.7174207159952255e+181,4.144177501019021e+90,5568004922
664,3.960392099061283e+88,1.2726695699875466e+179,3.567449467038807e+89,5238449256
665,2.43049075160595e+89,4.870420272229867e+180,2.2069028687801073e+90,5451127499
666,1.7598082474556235e+90,2.5903590160486456e+182,1.6094592309371014e+91,5587544908
667,4.296779951746963e+89,1.5545232045853999e+181,3.9427442278004795e+90,5630438051
668,1.0671746744257627e+90,9.586026331368453e+181,9.790825466409077e+90,5579986421
669,4.442195556966124e+90,1.6562222037827518e+183,4.069670998720599e+91,5465333742
670,1.0682503646726188e+90,9.671130468436058e+181,9.834190596300266e+90,5193935405
671,2.0911461143713272e+91,3.683704595234992e+184,1.91929794332068e+92,5384774628
672,5.167127163808829e+89,2.239649075013691e+181,4.7324930797769705e+90,5561048719
673,1.2570747646681186e+91,1.3344188092735689e+184,1.1551704676252631e+92,5523690720
674,8.020571628299016e+89,5.615491998740071e+181,7.493658651646785e+90,5607313873
675,8.526086956278083e+90,6.13725405122087e+183,7.83406283560508e+91,5306630350
676,2.3876531833849834e+90,4.8236870905135264e+182,2.1962893913402044e+91,5813202145
677,6.2232034564690536e+91,3.2877821611500473e+185,5.733918521526137e+92,5559892600
678,1.445967880872921e+91,1.777423067180077e+184,1.333200310223515e+92,5533209818
679,2.6076078424425206e+92,5.7893671068606e+186,2.4061103688028525e+93,5523606052
680,6.879661631830323e+90,4.0602197520303123e+183,6.3719853672386225e+91,5745198484
681,4.021850436174417e+91,1.3949998647714762e+185,3.734969698366342e+92,5736971030
682,1.3113288263544825e+92,1.4685801644674878e+186,1.211849893537763e+93,5666498692
683,5.157066761770563e+91,2.2846714001484148e+185,4.7798236370690656e+92,5772865785
684,2.552067090672362e+92,5.601600544247359e+186,2.366770065774738e+93,6003949049
685,3.021716212704771e+91,7.716956204529622e+184,2.7779410009086985e+92,5925056753
686,1.96664715123846e+92,3.2363130785305173e+186,1.7989755636279547e+93,5689911458
687,3.240820260313503e+91,8.197639074113017e+184,2.863151947437128e+92,5642160638
688,8.828592627435329e+92,6.750919481116675e+187,8.216397921909987e+93,6114864503
689,1.4980419863938028e+92,1.9374387756325361e+186,1.3919190980917448e+93,6012582772
690,1.1928034031649747e+92,1.2296990589632602e+186,1.108917967643802e+93,6058894134
691,1.1185537899279288e+94,1.0841997546121827e+190,1.0412491318662325e+95,5704899148
692,6.520582569500732e+92,3.68313762213776e+187,6.068885912700749e+93,5863931023
693,4.648219699463005e+92,1.978773079165188e+187,4.448340228855239e+93,6167745999
694,1.4969917775788059e+93,1.906454290474649e+188,1.380744107528491e+94,6116945938
695,6.554715663851169e+93,3.753223521750597e+189,6.126355786069396e+94,5880919887
696,4.497579414082602e+93,1.766088782972152e+189,4.2024859107106496e+94,6007380317
698,7.130254034825016e+95,4.4607820665367095e+193,6.678908643286499e+96,5665015567
697,6.44578568804612e+93,3.636724927637461e+189,6.030526451013594e+94,5824829059
699,2.7948039185173437e+93,6.844473254598194e+188,2.6161944221709124e+94,5970721293
700,1.752189317290895e+94,2.6904119287811593e+190,1.640247520583756e+95,5966842911
701,9.291838373659145e+94,7.579966711845684e+191,8.706300426613868e+95,5993891648
702,5.20217433991801e+94,2.3796439054260638e+191,4.878159392051539e+95,6132293176
703,7.86543164542393e+94,5.4594998752114195e+191,7.388842856098253e+95,6049041551
704,1.6364865938552001e+95,2.3561901998440314e+192,1.5349886644024546e+96,6050417207
705,3.203187905852988e+95,9.085973080289964e+192,3.014294789878715e+96,6013408588
706,1.789488407360424e+95,2.8317825867696154e+192,1.6827901196434496e+96,5976164507
707,1.0713464119690013e+95,1.0130895521198573e+192,1.006523498046547e+96,6092845802
708,2.995145441783713e+94,8.008427739470625e+190,2.8299165605138654e+95,6237849677
709,4.03107702159907e+94,1.4262206813295666e+191,3.7765337034502505e+95,6130895825
711,4.380654742105738e+95,1.7043075185934508e+193,4.1283259544196006e+96,5847746878
710,3.1035636147119197e+95,8.592924128306988e+192,2.931368985355987e+96,6406430965
712,6.473481726650761e+95,3.740493348812677e+193,6.1159572830528145e+96,5819223156
713,8.348465747085337e+95,6.23720171820947e+193,7.8975956583060585e+96,6392336745
714,2.6917706101583862e+96,6.490387414057942e+194,2.5476238760966935e+97,6233535689
715,1.1154905119564964e+96,1.1106634197214154e+194,1.0538801733220981e+97,6287868786
716,1.9151741319437307e+96,3.2932680396575377e+194,1.814736355412967e+97,6045996523
718,2.7254746460615343e+96,6.682318706696128e+194,2.585018125022749e+97,6459381078
719,5.482928191277061e+96,2.7053317180409106e+195,5.201280340493974e+97,6363841743
717,1.5505898242780256e+97,2.1650254515076265e+196,1.4714025457051604e+98,6748810210
720,7.237080532590616e+96,4.717535922024202e+195,6.86843207873835e+97,6400277851
721,2.467988461121339e+96,5.451757652206925e+194,2.334899923381498e+97,5851059166
723,1.0380853768236396e+96,9.350700061000652e+193,9.669901789056935e+96,6418441096
722,1.3859581182724885e+97,1.7369860836928796e+196,1.3179476786628821e+98,6533772311
724,1.3505924057672542e+97,1.6479707050872067e+196,1.2837331128732352e+98,6229990680
725,3.687567544269693e+98,1.2475970915097268e+199,3.5321340454599495e+99,6041623113
726,5.1302520084696184e+97,2.403895092547808e+197,4.902953286079532e+98,6471700836
727,1.3106265485758123e+98,1.5700928537455355e+198,1.2530334607445786e+99,6705190841
728,3.8129526123160765e+97,1.336259359379187e+197,3.6554881471278046e+98,6268013609
729,3.4424834283645045e+98,1.0835238788296102e+199,3.2916923896828666e+99,6771546831
731,2.8336428500461463e+98,7.367605266113076e+198,2.7143333004833943e+99,6184039478
730,6.905427051175156e+96,4.573116014646884e+195,6.762481803780979e+97,6746849867
732,6.574800870151057e+98,3.963924105406921e+199,6.295970223410306e+99,6273716159
733,2.98890872040194e+98,8.201763528083144e+198,2.863872121461282e+99,6237814486
734,5.4922492362513e+98,2.775362440800359e+199,5.268170878777908e+99,6301715275
735,4.2355221409918617e+99,1.6490253171439776e+201,4.060819273427442e+100,6382956368
736,1.3455025079333468e+99,1.6710993319680465e+200,1.2927100726644186e+100,6719139737
737,2.1784577919297335e+99,4.3606131215693467e+200,2.0882081126097914e+100,6185780819
739,5.206137297208415e+98,2.51705327752162e+199,5.017024294860072e+99,6273972556
738,1.2085943222992662e+100,1.3522333655983364e+202,1.1628556942279366e+101,6816913132
740,3.741004733803807e+99,1.3013069667012515e+201,3.607363256869554e+100,6864776314
741,7.74539415153539e+99,5.550398818484582e+201,7.450099877508074e+100,6810836776
742,8.85520149494791e+99,7.290303015682613e+201,8.538327128707715e+100,6601944112
743,1.904576061771183e+100,3.386539015277553e+202,1.840255149504425e+101,6499031192
744,3.249638789305533e+99,9.86401172195467e+200,3.1407024249289634e+100,6883798644
745,2.23842234875229e+100,4.613070510396499e+202,2.147805975966288e+101,6806359354
746,1.3791768946272747e+100,1.7809044777685012e+202,1.3345053307381358e+101,6908204862
747,5.272626260304284e+100,2.5887007157819982e+203,5.087927589679317e+101,6894667534
748,3.893136317796531e+100,1.4200866835677163e+203,3.7684037516801676e+101,7038815910
749,4.498991144752328e+100,1.9003064558314883e+203,4.359250458314466e+101,7039098889
750,1.2564086203604947e+100,1.4870588810133292e+202,1.2194502372025393e+101,6730725572
751,2.45458409825641e+101,5.649110061833702e+204,2.376785657528609e+102,6976475039
752,1.0440204404435031e+101,1.040625914881205e+204,1.0201107365777526e+102,6073122068
753,3.972390192430479e+101,1.4890200223859506e+205,3.8587822203202276e+102,6581984887
754,3.8063749389376575e+100,1.3720792310911402e+203,3.704158785866422e+101,6853856129
755,7.989810173000881e+101,6.086773750929411e+205,7.80177784285698e+102,7215561782
756,6.0414302922645025e+100,3.4410296419693536e+203,5.866029016267609e+101,6491172994
757,5.0655144320799886e+101,2.4426901157903497e+205,4.94235785409186e+102,6975589418
758,3.194250062362214e+101,9.681604097142621e+204,3.1115276147163823e+102,6727478647
759,8.254582513203991e+101,6.508065950224283e+205,8.067258487382366e+102,6791608256
760,3.0460518846325246e+102,8.845501993043287e+206,2.9741388657968353e+103,7159295324
761,1.3974050951704336e+102,1.864516577709721e+206,1.365473023428043e+103,7005593690
762,1.8628640255371246e+103,3.3107546671371857e+208,1.8195479293322245e+104,6802420229
763,3.5117223894882644e+101,1.164797929222832e+205,3.4129136074955545e+102,7026450547
764,8.581074789007876e+101,7.0188072789710976e+205,8.377832224967923e+102,6824327670
765,7.223291797601877e+101,5.035694653316096e+205,7.096262856825483e+102,6892265412
766,1.5281599074292698e+102,2.2357416252228823e+206,1.4952396547787523e+103,6804312997
767,1.4907464009322255e+102,2.1346542268593972e+206,1.461045593696308e+103,7026963807
768,3.4428918966510827e+102,1.1235944151089477e+207,3.3520059891189747e+103,7199678177
769,3.3567420899919145e+103,1.0916704894476673e+209,3.3040437186085585e+104,6949296101
770,3.9373165786377816e+102,1.4954301592653021e+207,3.867079206927758e+103,7050219502
771,3.1251543505135617e+103,9.434066466039565e+208,3.071492546961422e+104,7127714355
772,6.539100483733931e+103,4.146414235225221e+209,6.439265668711939e+104,6939130068
773,2.5263187130700254e+103,6.185185636273993e+208,2.487003344644714e+104,7120180303
774,1.8734470775112747e+104,3.4071780093359076e+210,1.8458542763002466e+105,6952749217
775,1.2312853970006965e+105,1.46859653379459e+212,1.2118566473781418e+106,7161983433
776,1.463730866775237e+104,2.0816215753840993e+210,1.442782580773728e+105,7247263118
777,1.7574927217003565e+104,2.9951334056951736e+210,1.7306453725980877e+105,7185761428
778,3.491260024654932e+104,1.1876647028040776e+211,3.446251155682182e+105,7121811844
779,2.787438295030669e+103,7.5094912976071385e+208,2.740345105567388e+104,6961739334
780,1.440872057219816e+104,2.0328682400736767e+210,1.4257868845215532e+105,7352024623
781,6.266452948220928e+104,3.849432323002977e+211,6.204379358971353e+105,7214015864
782,6.653238162187447e+103,4.424491529694392e+209,6.651685147159623e+104,7285259668
783,5.739049664850253e+105,3.2325070983661426e+213,5.685514135384893e+106,7041808572
784,6.281940721600164e+104,3.8849345254535095e+211,6.232924293983932e+105,7263231870
785,1.918160345123757e+103,3.386369722330763e+208,1.8402091517897533e+104,7430819969
786,1.729435518150843e+105,2.9433659698046354e+212,1.7156240758990984e+106,7245123543
787,2.721383147973711e+105,7.26261027362192e+212,2.694923055232175e+106,7259612415
788,1.332370833978008e+105,1.7532548956150727e+212,1.324105318928624e+106,7225624434
789,1.2742837582750975e+105,1.6323819998939854e+212,1.2776470560737756e+106,6507178723
790,3.1678567029418984e+105,9.903036383864924e+212,3.14690902058908e+106,7494509110
791,1.9241877636632855e+104,3.8348677323893716e+210,1.9582818317058888e+105,7275952900
792,5.639217101637084e+105,3.1376452865398397e+213,5.6014688132130485e+106,7419807708
793,2.8884351115657754e+106,8.283031047781769e+214,2.8780255467562772e+107,7278310177
794,2.401678290907206e+105,5.672607416919029e+212,2.381723623118146e+106,7099414954
795,8.305550265933255e+105,6.880553375545179e+213,8.29491011135454e+106,7172596549
796,6.788156963029517e+106,4.602719894610388e+215,6.78433481972285e+107,6682145847
797,4.919045455484625e+106,2.416274903823272e+215,4.915561924971826e+107,7751879952
798,1.3268066636358742e+107,1.7603035843741988e+216,1.3267643288746495e+108,7545929624
799,4.723336949892801e+108,2.2284355916258488e+219,4.72063088117028e+109,7549069102
800,3.774944939293678e+106,1.3620608433633656e+215,3.6906108483059624e+107,7383859810
801,4.7764946987955045e+106,2.1889398351027097e+215,4.678610728734236e+107,7278324698
802,4.3347178830678716e+107,1.8757380754955653e+217,4.3309791912402044e+108,7278330449
803,6.302731211425162e+106,3.997954230923794e+215,6.322937791030206e+107,7461128667
804,3.4557392890893603e+106,1.2231313504500839e+215,3.497329481833366e+107,7496765175
805,4.65332270666079e+107,2.1817432952371936e+217,4.670913502985464e+108,7330841551
806,6.061671430251379e+107,3.725023588273435e+217,6.103297132102807e+108,7315561057
807,1.5178109678764563e+108,2.3343911449815466e+218,1.5278714425571108e+109,7523188091
808,1.0000141475094164e+108,1.0128042813970667e+218,1.0063817771586819e+109,7860208194
809,3.844600985753405e+107,1.5002297942324898e+217,3.8732799979248723e+108,7700137177
810,1.251903061194721e+108,1.5888436095031137e+218,1.2604933992302831e+109,7659171832
811,3.2345962591545625e+107,1.0667640960378452e+217,3.2661354779583854e+108,7164730062
812,4.0313983533602e+108,1.6483604990773267e+219,4.060000614627203e+109,7618767613
813,2.5444440248780975e+109,6.588383603291663e+220,2.5667846819107486e+110,7338100177
814,1.0594455151361503e+108,1.135065632014667e+218,1.0653945898185644e+109,7805829124
815,4.212849662203764e+108,1.8014219326325528e+219,4.244316119980406e+109,7990793989
816,5.806110705061872e+107,3.4102140883370314e+217,5.839703835244585e+108,8142058009
817,1.5523542510587793e+109,2.462712596226571e+220,1.5693032199758498e+110,7687319293
818,5.341514478383751e+109,2.923874452067639e+221,5.407286243641665e+110,7926775808
819,5.192784968164017e+109,2.7842709076349585e+221,5.276619095249304e+110,7943175254
820,5.590361126117714e+108,3.2138138572316675e+219,5.669050941058536e+109,7662699708
821,1.8128318790516375e+109,3.373604523661625e+220,1.836737467266791e+110,7672254152
822,9.801552508606999e+107,1.0120579243370452e+218,1.0060108967287806e+109,7838245220
823,2.6395649254208898e+109,7.268597272371843e+220,2.6960336185537157e+110,8150836272
824,6.439430241061154e+109,4.276927687944406e+221,6.539822388983058e+110,7635644358
825,2.0565353822598905e+110,4.377344954498671e+222,2.0922105425837696e+111,8156842430
826,1.2902122861087322e+110,1.7245594910299948e+222,1.3132248440499421e+111,8135550006
827,2.3246431967290928e+110,5.590430419114532e+222,2.3644091056994624e+111,8121226652
828,2.476002089315903e+109,6.380589354100313e+220,2.5259828491302773e+110,8078292856
829,1.4102504274527887e+109,1.9446133594790544e+220,1.3944939438660372e+110,7735457167
830,2.9182209181043934e+110,8.842535154766961e+222,2.973640051312021e+111,7995577459
831,3.059797876326944e+110,9.831227269653405e+222,3.135478794323668e+111,8096897585
832,1.8072905075319964e+111,3.435667161795494e+224,1.8535552761640247e+112,8134562268
833,4.942942132376979e+110,2.5409670327867477e+223,5.040800564182983e+111,8103550882
834,2.3936898441192849e+111,5.92995006630821e+224,2.4351488797008308e+112,7906033887
835,9.896102236809379e+110,1.024820655715421e+224,1.012334260862202e+112,7978600841
836,4.842284463282709e+111,2.4575068675988064e+225,4.957324749901711e+112,8153341057
837,4.998988093129499e+113,2.618369256402704e+229,5.117000348253559e+114,8007375297
838,5.790789066818605e+111,3.521718239374413e+225,5.934406658946126e+112,7825269296
839,9.416079471068055e+111,9.325139788368061e+225,9.656676337316096e+112,8188525138
840,2.8708195191478866e+111,8.666335785312521e+224,2.943864090835805e+112,8230736387
841,7.793157185651818e+111,6.378187659649851e+225,7.986355651766237e+112,8245581362
842,5.242086663901509e+111,2.9022729110642674e+225,5.387274738737823e+112,8822273032
843,3.119651094979643e+111,1.02924763773281e+225,3.2081889559887366e+112,8889781708
844,4.701549464077144e+111,2.3268085311358654e+225,4.8237003753714486e+112,8451909566
845,1.8090125505444045e+112,3.4773011155155577e+226,1.86475229333967e+113,9116800072
846,8.113737373277663e+112,6.9676712403918325e+227,8.347257777493056e+113,8196103346
847,7.644144191405501e+112,6.206812598001402e+227,7.878332690361205e+113,8330598536
848,7.265866341508507e+112,5.604757068418311e+227,7.486492548863127e+113,8467648345
849,2.595327440334073e+112,7.20729984096824e+226,2.6846414734500844e+113,8506813109
850,1.4853592597270962e+112,2.401007145459998e+226,1.5495183591877826e+113,8412576203
851,1.8689210038785122e+113,3.7173296681079003e+228,1.928037776628845e+114,8282669495
852,1.0061561339458242e+113,1.0801219474195517e+228,1.0392891548647815e+114,8276639808
853,1.8223862228011006e+113,3.571321455495964e+228,1.8897940246217215e+114,8463509521
854,7.118669211211979e+112,5.367412862424542e+227,7.326262937149158e+113,8199191589
855,2.379969913649779e+115,6.050787424520926e+232,2.4598348368378165e+116,8440288494
856,1.1790915772713142e+113,1.4844062204698482e+228,1.2183621056442326e+114,8588529465
857,1.6389925303726417e+113,2.860986972642885e+228,1.69144523193714e+114,8722851516
858,2.680310678845897e+114,7.722515219083751e+230,2.7789413846074102e+115,8396909104
859,5.673566776854286e+113,3.452252499098972e+229,5.87558720393032e+114,7718310185
860,5.501041925930986e+113,3.2419438851855536e+229,5.693807061347928e+114,8889314398
861,6.419989963121635e+113,4.431091738988629e+229,6.656644604444967e+114,8473200666
862,1.1933138511675285e+113,1.4969996067579422e+228,1.2235193528334327e+114,8641321926
863,8.45328491678888e+114,7.74932197502717e+231,8.803023330099251e+115,8515707262
864,6.444662480193792e+114,4.5069381314395034e+231,6.713373318563108e+115,8242819973
865,1.1321946719383377e+116,1.3911365414351256e+234,1.1794645146994146e+117,8444938052
866,9.475389211150569e+114,9.747838497522212e+231,9.873114249071674e+115,8733878115
867,1.5038462291765309e+115,2.4462812294815023e+232,1.5640592154651634e+116,8949482477
868,1.2444665928819977e+115,1.6849979491924674e+232,1.2980747086329305e+116,8637889526
869,2.8318766043961806e+115,8.723260453419474e+232,2.953516624876094e+116,8959767343
870,3.7859776465004418e+115,1.5601438994967771e+233,3.9498656932822124e+116,8675180820
871,6.740643992052022e+115,4.9554228938039625e+233,7.039476467610331e+116,8799728550
872,1.1791241512871355e+116,1.5117184792327094e+234,1.2295196131956209e+117,8731449579
873,3.851284739855496e+115,1.6272600404348129e+233,4.033931135300667e+116,8775146210
874,5.139344849037365e+116,2.89391033210781e+235,5.379507721072449e+117,9061018345
875,5.077712423213993e+114,2.8362398618917e+231,5.325635982576823e+115,9051054558
876,2.6259706096351943e+116,7.576234209800448e+234,2.752495996327778e+117,9154192906
877,6.073959240071016e+115,4.111901447895501e+233,6.41241097239993e+116,9074727269
878,7.341084304542299e+116,5.918481307031576e+235,7.693166647767079e+117,9077900285
879,1.537232377790716e+117,2.591722616524745e+236,1.6098827958968768e+118,9168979791
880,6.616695743154894e+116,4.826445720587801e+235,6.947262569233871e+117,8922712461
881,6.75038623133247e+117,5.0299035625172206e+237,7.092181302333733e+118,9043005369
882,9.16971811382296e+115,9.171813457936954e+233,9.576958524467438e+116,9068524714
883,1.6201106635928026e+117,2.90017483231621e+236,1.7029899683545438e+118,9001768207
884,4.546450339374098e+116,2.294759892433673e+235,4.7903652182622497e+117,9596762580
885,6.781146318167838e+117,5.091944429937224e+237,7.1357861724810845e+118,9115155610
886,7.433149134697473e+117,6.1268185127279416e+237,7.8273996401921e+118,9120775954
887,1.4271638394087597e+118,2.2588073273367594e+238,1.5029329084615718e+119,9330589745
888,3.217275053570006e+117,1.1868273224704311e+237,3.4450360266192155e+118,9185628950
889,6.280971057764768e+117,4.370899005603323e+237,6.6112774904728685e+118,9260997279
890,1.6973674377868798e+118,3.2102294933482327e+238,1.791711330920311e+119,9194036156
891,1.9977704675419003e+118,4.456087636184757e+238,2.1109447259899434e+119,9469099185
892,1.017103627094534e+118,1.1552596926400724e+238,1.074830076170216e+119,9576758155
893,1.9631032850621246e+116,6.677871955347021e+234,2.584157881273321e+117,9479874573
894,1.217096347613788e+119,1.6555633802959116e+240,1.2866869783657219e+120,9085736960
895,1.7751728862498846e+118,3.5158194981909277e+238,1.875051865466907e+119,9226871252
896,3.584142560800084e+120,1.4413671797058327e+243,3.796534182258646e+121,9678966086
897,7.568050416888883e+119,6.436337151401512e+241,8.022678574766356e+120,9404974305
898,2.5304807261852475e+119,7.20082529387996e+240,2.683435353027898e+120,9375602066
899,2.750003668610046e+118,8.604194207989803e+238,2.9332906790820786e+119,9466798747
900,4.777329607820595e+119,2.5677324803895092e+241,5.067279822932131e+120,9752250804
901,2.441073648979918e+119,6.74354565597494e+240,2.5968337751914236e+120,9662322385
902,1.1706370787694194e+119,1.5334686117042717e+240,1.2383329970990322e+120,9439042569
903,7.827259370223763e+118,7.033488199865103e+239,8.38658941397819e+119,9707842697
904,2.1755017676900303e+119,5.36105181151515e+240,2.315394526104601e+120,9647980307
905,4.576901248056078e+120,2.359664225633134e+243,4.857637518005161e+121,9995054464
906,9.779469352230572e+119,1.0858771407526097e+242,1.0420542887741548e+121,9829585468
907,1.9575903679799392e+120,4.350278943586036e+242,2.085732231995765e+121,9783243991
908,1.718736738593758e+120,3.3638416803969694e+242,1.8340778828602044e+121,9646740862
909,3.9200105814976176e+121,1.75035678712017e+245,4.1837265531104804e+122,10043650664
910,5.961951541191807e+120,4.0411752743311225e+243,6.3570238904153275e+121,10117810367
911,6.816802943332306e+121,5.295160601479984e+245,7.276785417668975e+122,9931560851
912,6.856001485145363e+120,5.361589972120956e+243,7.322287874784053e+121,10172476088
913,1.7200520217658525e+120,3.285807778853862e+242,1.8126797231871551e+121,10156845887
914,1.342360202623698e+121,2.0441052382054458e+244,1.4297220842546448e+122,10069843648
915,1.07621518830025e+122,1.3257013282851796e+246,1.1513910405614505e+123,9713609536
916,7.855361175052731e+120,7.024805072410977e+243,8.381411022262885e+121,9690045634
917,6.524889210407956e+121,4.897193731102533e+245,6.997995235138799e+122,9980969385
918,3.6673662936534565e+122,1.5450813997960755e+247,3.930752345030243e+123,10065823315
919,4.105657243605009e+122,1.9397912087660222e+247,4.404306084692596e+123,10009689769
920,5.378673235633981e+121,3.3353736555356246e+245,5.775269392448827e+122,9664719358
921,1.3679439032099322e+122,2.1605188130568685e+246,1.4698703388587948e+123,10219378821
922,5.578622415354959e+122,3.5928675575023054e+247,5.994053351032426e+123,10148398329
923,3.083182342227977e+122,1.0987423758060755e+247,3.314728308332488e+123,10378143334
924,5.854079168454376e+120,4.265276717150952e+243,6.530908602293368e+121,10104100488
925,3.579109359684786e+122,1.4972871812272644e+247,3.869479527310184e+123,9835387433
926,1.2274179374711212e+122,1.7337336561117371e+246,1.3167132019205007e+123,10014214314
927,2.6620678342411655e+123,8.215490772269118e+248,2.866267742599968e+124,9938321118
928,6.976253980514983e+122,5.661829278574417e+247,7.524512793911921e+123,10313353920
929,1.2128307182261746e+122,1.8619299604554627e+246,1.364525544083167e+123,10359479294
930,2.8079481152895757e+124,9.185603554299977e+250,3.0307760646903584e+125,10221303034
931,2.097064624598746e+123,5.133296332582121e+248,2.2656778969178566e+124,10115946582
932,2.5241965956703923e+123,7.454012133205386e+248,2.730203679802184e+124,9883890451
934,9.338154288472154e+121,1.001848772250576e+246,1.0009239592749172e+123,10299610214
933,4.411217873655689e+124,2.2805264437820242e+251,4.775485780297146e+125,10674476428
935,4.7903097913656515e+123,2.6850331918184663e+249,5.181730591046263e+124,10328114970
936,3.551806050575382e+123,1.4864178183184404e+249,3.8554089514841877e+124,10127706431
937,2.260336114965104e+123,5.983476663677145e+248,2.446114605589269e+124,10578625240
938,1.7819748106173732e+123,3.713755891179316e+248,1.9271107625612276e+124,10458168447
939,3.48460566111623e+124,1.4274861639446911e+251,3.778208787169776e+125,10149460099
940,3.4150186921891525e+124,1.3758599842264375e+251,3.709258664782543e+125,10272722493
942,2.6048518723113834e+123,7.832810290237543e+248,2.798715828775323e+124,10585778546
941,2.756664479645533e+124,8.923494041423428e+250,2.9872217931421544e+125,10701048754
943,1.3765411622555274e+125,2.2301275012928767e+252,1.493361142287048e+126,10923817249
944,3.236848575065559e+124,1.234384408609739e+251,3.513380720345774e+125,10300192674
945,8.120050210837352e+124,7.82276404657808e+251,8.844639080583267e+125,10555602533
946,8.605771050065789e+125,8.749974172430166e+253,9.354129661507887e+126,10995362026
947,2.1022105643325504e+125,5.234120146094183e+252,2.2878199549121392e+126,11135801974
948,2.0535069429585395e+125,4.993566757418163e+252,2.234628997712632e+126,10897710587
949,3.783086273304273e+125,1.7040260691513264e+253,4.1279850643520096e+126,10482077504
950,5.808195959105407e+124,4.041627615790523e+251,6.3573796612995535e+125,10788328412
951,3.077657478331048e+126,1.1274569772502883e+255,3.3577626140784405e+127,10897978453
952,8.99135723438782e+124,9.760104956205684e+251,9.879324347446886e+125,10515597431
953,1.347958304674133e+126,2.1696149401012082e+254,1.47296128262124e+127,11141018587
954,9.22872638136208e+125,1.0171355646050011e+254,1.0085313899948782e+127,10877909055
955,1.186040380821972e+126,1.6820740658011863e+254,1.2969479811469641e+127,10337801074
956,7.94724948886367e+125,7.437405257429296e+253,8.624039226156903e+126,10882626815
957,8.18368093433237e+126,8.021785890249817e+255,8.956442312799105e+127,10795135217
958,2.1407760850499218e+126,5.485858548346376e+254,2.342190971792517e+127,10637087790
959,8.841006748959577e+126,9.383466356894315e+255,9.686829386798508e+127,11256664338
960,5.715888601339071e+127,3.927314949995873e+257,6.26682930196433e+128,10796749069
961,1.1060451345044778e+127,1.4716329896833737e+256,1.2131088119716935e+128,10924217507
962,2.8920279614659186e+128,1.0080724702288638e+259,3.1750157011089944e+129,10941945513
963,2.333541905684432e+128,6.572710269310783e+258,2.563729757464851e+129,11063108121
964,7.873489348654346e+127,7.481701471033885e+257,8.649682925422113e+128,11049138673
965,2.741191203596418e+127,9.096477219716493e+256,3.0160366741332064e+128,10736480336
966,2.9994686293628455e+127,1.0847753221135172e+257,3.2935927527754812e+128,10724383424
967,4.606604466116994e+127,2.564832167743809e+257,5.0644172100487625e+128,11277727236
968,3.651422834076613e+127,1.6139501532357e+257,4.017399847209262e+128,11416220788
969,4.864253669351746e+128,2.868733297041586e+259,5.356055728837767e+129,11119761230
970,4.661097909583862e+129,2.6301257511405548e+261,5.128475164354952e+130,11367412259
971,7.409872579181575e+127,6.673403564200305e+257,8.169090257917528e+128,10837867362
972,1.132919478580742e+127,1.4978199634630704e+256,1.2238545515963367e+128,11193810238
973,1.8814464729855382e+128,4.3654423071999186e+258,2.089364091583829e+129,11100584551
974,6.1229714505938886e+128,4.57422738191336e+259,6.763303469395234e+129,11317778231
975,4.07115302394547e+128,2.0187999999294343e+259,4.493105829968213e+129,11327359932
976,1.918780204084504e+129,4.50985539496177e+260,2.1236420119600596e+130,11171016918
977,9.116322094952815e+128,1.0181240843408322e+260,1.00902134979436e+130,11204375868
978,1.0599291627993547e+129,1.3768611083537197e+260,1.1733972508718944e+130,11749072381
979,1.621423157721704e+129,3.220447110068277e+260,1.794560422518082e+130,11507352723
980,5.638677823930103e+129,3.8789607561845617e+261,6.228130342393744e+130,11433205926
981,1.859850550713712e+130,4.2795172134436886e+262,2.0686994014219872e+131,11262063139
982,9.104536312151006e+128,9.852604682537358e+259,9.92602875400699e+129,11967344782
983,8.790831880992552e+129,9.490800560298847e+261,9.742073988786395e+130,11446097633
984,3.779315133307034e+128,1.68104169944821e+259,4.1000508526702566e+129,11770662394
985,1.3948826711838893e+130,2.399412657489695e+262,1.549003762903659e+131,12010258564
986,7.370622105798484e+130,6.706011518247766e+263,8.18902406776764e+131,11644300675
987,1.424782989086951e+130,2.5093188020206998e+262,1.584082953011205e+131,11688613924
988,1.3644754893389087e+130,2.298041005731528e+262,1.5159290899417188e+131,11799406021
989,2.1604918177641825e+130,5.774523348723486e+262,2.4030237927917997e+131,11441448550
990,9.265251142990278e+130,1.0743646430627635e+264,1.0365156260581716e+132,11566542490
991,5.941808005103104e+129,4.48875239126974e+261,6.699815214817301e+130,11607813385
992,7.401955935694067e+129,6.860829189620194e+261,8.283012247739463e+130,11985924957
993,3.0986490920075324e+130,1.1825080037223605e+263,3.4387614103371005e+131,11524646382
994,3.1327242372434097e+130,1.2287595411718803e+263,3.5053666586705024e+131,11504278934
995,1.0301039249130332e+130,1.3073095333606538e+262,1.1433763743232819e+131,11074201740
996,3.0775812529024403e+131,1.1824573228116162e+265,3.4386877189003603e+132,11444524333
997,2.0378455288226987e+132,5.183101955630209e+266,2.2766426938872534e+133,10586269125
998,1.4666756616391713e+131,2.683197126421577e+264,1.6380467412200352e+132,9854702537
999,3.500910601890215e+131,1.5274121834245305e+265,3.908212102003332e+132,8812818544
